,url,website,year,month,day,length
0,https://www.cnet.com/science/what-you-need-to-know-about-artificial-intelligence-and-the-imminent-robot-future/,CNET,2015,12,22,1277.0
1,https://www.cnet.com/science/silicon-valley-bigwigs-fund-artificial-intelligence-nonprofit/,CNET,2015,12,12,558.0
2,https://www.cnet.com/roadshow/news/toyota-to-open-artificial-intelligence-and-robotics-hub-in-silicon-valley/,CNET,2015,11,6,433.0
3,https://www.cnet.com/science/chatty-app-from-facebook-helps-the-sight-impaired-see/,CNET,2015,11,3,576.0
4,https://www.cnet.com/culture/stephen-hawking-says-we-should-be-more-frightened-of-capitalism-than-robots/,CNET,2015,10,9,449.0
5,https://www.cnet.com/culture/girt-by-cnet-podcast-45/,CNET,2015,10,9,208.0
6,https://www.cnet.com/tech/mobile/artificial-intelligence-is-the-next-major-wave-of-computing-android-creator-says/,CNET,2015,10,8,614.0
7,https://www.cnet.com/culture/google-exec-with-robots-in-our-brains-well-be-godlike/,CNET,2015,10,1,493.0
8,https://www.cnet.com/culture/stephen-hawking-says-nomadic-aliens-might-crush-us/,CNET,2015,9,30,396.0
9,https://www.cnet.com/science/ban-autonomous-weapons-urge-hundreds-of-experts-including-hawking-musk-and-wozniak/,CNET,2015,7,27,522.0
10,https://www.cnet.com/science/cute-robot-politely-shows-self-awareness/,CNET,2015,7,20,404.0
11,https://www.cnet.com/science/donald-hutson-battlebots-champion-uses-smartphones-to-help-robots-see-the-world/,CNET,2015,7,19,1305.0
12,https://www.cnet.com/science/terminator-meet-the-organisation-trying-to-stop-killer-robots/,CNET,2015,7,3,324.0
13,https://www.cnet.com/culture/the-meaning-of-life-according-to-google-chatbot-ai/,CNET,2015,7,3,804.0
14,https://www.cnet.com/culture/robots-could-keep-us-in-coffins-on-heroin-drips-prof-says/,CNET,2015,6,29,485.0
15,https://www.cnet.com/science/google-a-i-could-be-my-new-wife-steal-my-job-and-im-nervous/,CNET,2015,5,26,869.0
16,https://www.cnet.com/science/in-200-years-rich-humans-will-be-cyborgs-says-professor/,CNET,2015,5,25,520.0
17,https://www.cnet.com/science/deepbeat-rapping-computer-algorithm-isnt-bad/,CNET,2015,5,21,385.0
18,https://www.cnet.com/science/chappie-stirs-up-questions-about-artificial-intelligence/,CNET,2015,3,4,223.0
19,https://www.cnet.com/science/bill-gates-is-worried-about-artificial-intelligence-too/,CNET,2015,1,28,692.0
20,https://www.cnet.com/culture/artificial-intelligence-experts-sign-open-letter-to-protect-mankind-from-machines/,CNET,2015,1,12,466.0
21,https://www.cnet.com/science/what-next-for-the-future-tech-of-2014/,CNET,2014,12,31,2606.0
22,https://www.cnet.com/science/eric-schmidt-you-have-nothing-to-fear-from-ai/,CNET,2014,12,10,373.0
23,https://www.cnet.com/science/elon-musk-worries-skynet-is-only-five-years-off/,CNET,2014,11,19,433.0
24,https://www.cnet.com/science/elon-musk-we-are-summoning-the-demon-with-artificial-intelligence/,CNET,2014,10,26,364.0
25,https://www.cnet.com/roadshow/news/elon-musk-sees-autonomous-cars-ready-sooner-than-previously-thought/,CNET,2014,10,10,399.0
26,https://www.cnet.com/science/elon-musk-worries-ai-could-delete-humans-along-with-spam/,CNET,2014,10,9,259.0
27,https://www.cnet.com/science/elon-musk-artificial-intelligence-could-be-more-dangerous-than-nukes/,CNET,2014,8,3,300.0
28,https://www.cnet.com/science/your-phone-will-never-love-you-back-and-you-shouldnt-want-it-to/,CNET,2014,6,20,659.0
29,https://www.cnet.com/tech/gaming/crossed-up-anki-drive-unveils-new-cars-and-first-new-tracks/,CNET,2014,4,16,510.0
30,https://www.cnet.com/tech/tech-industry/yahoos-mayer-aviate-is-central-to-our-mobile-ad-biz/,CNET,2014,4,16,658.0
31,https://www.cnet.com/tech/services-and-software/of-course-you-need-a-robot-to-help-prioritize-your-email/,CNET,2014,4,10,539.0
32,https://www.cnet.com/tech/tech-industry/marissa-mayer-wants-yahoo-to-be-big-in-mobile-meet-aviate/,CNET,2014,4,9,2455.0
33,https://www.cnet.com/tech/tech-industry/musk-zuckerberg-kutcher-invest-in-artificial-intelligence-firm-vicarious/,CNET,2014,3,21,196.0
34,https://www.cnet.com/culture/bot-or-not-try-to-tell-a-human-poet-from-a-computer/,CNET,2014,3,10,313.0
35,https://www.cnet.com/reviews/forza-motorsport-5-xbox-one-preview/,CNET,2013,11,6,2296.0
36,https://www.cnet.com/reviews/anki-drive-review/,CNET,2013,10,23,2414.0
37,https://www.cnet.com/reviews/nhl-14-playstation-3-preview/,CNET,2013,9,9,992.0
38,https://www.cnet.com/reviews/carrot-alarm-ios-review/,CNET,2014,3,7,576.0
39,https://www.cnet.com/reviews/riptide-gp2-review/,CNET,2014,3,7,812.0
40,https://www.cnet.com/culture/artificial-intelligence-system-has-iq-of-4-year-old/,CNET,2013,7,17,255.0
41,https://www.cnet.com/culture/smile-we-know-how-fast-your-heart-is-beating/,CNET,2013,6,20,332.0
42,https://www.cnet.com/tech/mobile/calendar-app-tempo-raises-10-million-in-first-round-funding/,CNET,2013,6,20,303.0
43,https://www.cnet.com/tech/tech-industry/anki-blessed-by-apple-takes-ai-and-robotics-to-consumers/,CNET,2013,6,11,717.0
44,https://www.cnet.com/reviews/panasonic-tc-dt60-review/,CNET,2013,6,7,2001.0
45,https://www.cnet.com/tech/mobile/siri-like-calendar-app-tempo-eyes-other-platforms/,CNET,2013,5,29,590.0
46,https://www.cnet.com/tech/services-and-software/google-quantum-computer-lab-to-study-artificial-intelligence/,CNET,2013,5,16,306.0
47,https://www.cnet.com/tech/gaming/cryptography-scientists-win-2012-turing-award/,CNET,2013,3,13,223.0
48,https://www.cnet.com/culture/liveson-twitter-ghost-keeps-tweeting-when-youre-dead/,CNET,2013,2,20,205.0
49,https://www.cnet.com/tech/mobile/official-stratego-game-debuts-for-ipad/,CNET,2013,1,30,428.0
50,https://www.cnet.com/tech/services-and-software/googles-ray-kurzweil-hire-could-yield-some-good-returns/,CNET,2012,12,15,519.0
51,https://www.cnet.com/science/killer-robots-cambridge-brains-to-assess-ai-risk/,CNET,2012,11,26,540.0
52,https://www.cnet.com/reviews/f1-race-stars-xbox-360-review/,CNET,2012,11,17,1215.0
53,https://www.cnet.com/reviews/f1-race-stars-playstation-3-review/,CNET,2012,11,17,1212.0
54,https://www.cnet.com/reviews/f1-race-stars-pc-review/,CNET,2012,11,17,1229.0
55,https://www.cnet.com/science/futurist-ray-kurzweil-on-smartphones-ai-and-the-human-brain/,CNET,2012,11,12,509.0
56,https://www.cnet.com/reviews/medal-of-honor-warfighter-xbox-360-review/,CNET,2012,11,10,1915.0
57,https://www.cnet.com/reviews/wwe-13-xbox-360-review/,CNET,2012,11,7,1004.0
58,https://www.cnet.com/reviews/medal-of-honor-warfighter-pc-review/,CNET,2012,11,1,1915.0
59,https://www.cnet.com/culture/hoodie-jacket-with-built-in-goggles-is-creepy-and-cozy/,CNET,2012,10,22,192.0
60,https://www.cnet.com/culture/did-a-bug-in-deep-blue-lead-to-kasparovs-defeat/,CNET,2012,9,27,364.0
61,https://www.cnet.com/reviews/legends-of-pegasus-pc-review/,CNET,2012,9,22,1080.0
62,https://www.cnet.com/culture/japan-building-robot-that-would-pass-college-exams/,CNET,2012,9,12,321.0
63,https://www.cnet.com/tech/mobile/apple-showcases-third-party-apps-on-iphone-5/,CNET,2012,9,12,365.0
64,https://www.cnet.com/culture/can-an-algorithm-win-your-fantasy-football-league/,CNET,2012,7,18,535.0
65,https://www.cnet.com/science/googles-project-glass-you-aint-seen-nothin-yet/,CNET,2012,4,6,971.0
66,https://www.cnet.com/culture/play-ball-heres-your-mlb-2012-gaming-roundup/,CNET,2012,4,5,1002.0
67,https://www.cnet.com/science/robot-companies-come-to-bury-c-3po/,CNET,2012,4,3,767.0
68,https://www.cnet.com/reviews/sony-xba-nc85d-review/,CNET,2012,3,30,1037.0
69,https://www.cnet.com/science/judea-pearl-named-2011-winner-of-turing-award/,CNET,2012,3,15,441.0
70,https://www.cnet.com/tech/tech-industry/should-siri-be-jealous-of-voice-recognition-competitors/,CNET,2012,1,13,873.0
71,https://www.cnet.com/tech/tech-industry/a-star-trek-inspired-x-prize-for-revolutionizing-health-care/,CNET,2012,1,10,544.0
72,https://www.cnet.com/tech/tech-industry/startup-secret-no-10-your-app-needs-a-personality-makeover/,CNET,2011,12,19,334.0
73,https://www.cnet.com/tech/mobile/googles-project-majel-gets-more-interesting-by-the-day/,CNET,2011,12,16,505.0
74,https://www.cnet.com/tech/services-and-software/google-gobbles-up-restaurant-recommendation-app-alfred/,CNET,2011,12,14,273.0
75,https://www.cnet.com/culture/google-x-shows-dogged-determination-for-far-out-research/,CNET,2011,11,14,852.0
76,https://www.cnet.com/reviews/sony-mdr-nc200d-black-review/,CNET,2011,10,31,570.0
77,https://www.cnet.com/culture/in-nest-labs-finally-an-apple-of-home-energy/,CNET,2011,10,25,803.0
78,https://www.cnet.com/tech/tech-industry/john-mccarthy-creator-of-lisp-programming-language-dies/,CNET,2011,10,25,377.0
79,https://www.cnet.com/tech/tech-industry/look-out-google-siri-is-poised-to-take-apple-into-search-q-a/,CNET,2011,10,20,980.0
80,https://www.cnet.com/culture/canon-loads-eos-1d-x-with-new-tech-hopes-and-dreams/,CNET,2011,10,18,1143.0
81,https://www.cnet.com/culture/japanese-robot-pours-fake-drinks-with-fake-ice/,CNET,2011,8,1,228.0
82,https://www.cnet.com/tech/tech-industry/moon-express-sees-money-in-moon-rocks/,CNET,2011,7,22,608.0
83,https://www.cnet.com/culture/artificial-intelligence-takes-on-ms-pac-man/,CNET,2011,6,14,295.0
84,https://www.cnet.com/culture/future-of-medicine-under-the-microscope/,CNET,2011,5,13,598.0
85,https://www.cnet.com/culture/crysis-2-if-you-can-make-it-there/,CNET,2011,3,24,937.0
86,https://www.cnet.com/reviews/canon-eos-rebel-rebel-t3i-review/,CNET,2011,3,22,1315.0
87,https://www.cnet.com/culture/reporters-roundtable-debating-the-robobrains/,CNET,2011,2,18,630.0
88,https://www.cnet.com/culture/must-love-puppies-walks-on-beach-robot-babies/,CNET,2011,2,15,273.0
89,https://www.cnet.com/tech/tech-industry/what-ibms-watson-tells-us-about-the-state-of-ai/,CNET,2011,2,14,936.0
90,https://www.cnet.com/science/domo-arigato-mr-watson-ibm-computer-takes-on-jeopardy/,CNET,2011,1,13,1025.0
91,https://www.cnet.com/culture/at-sri-developing-an-expertise-in-r-d-innovation/,CNET,2010,10,26,1804.0
92,https://www.cnet.com/tech/tech-industry/get-lamp-illuminates-the-text-adventure-game/,CNET,2010,8,10,722.0
93,https://www.cnet.com/reviews/lego-harry-potter-years-1-4-xbox-360-review/,CNET,2012,11,21,1273.0
94,https://www.cnet.com/culture/humanoid-bot-hitches-a-ride-on-roombas/,CNET,2010,6,10,181.0
95,https://www.cnet.com/culture/the-next-five-years-of-the-x-prize/,CNET,2010,5,16,1293.0
96,https://www.cnet.com/culture/how-go-shaped-a-crowdsourcing-business-career-q-a/,CNET,2010,5,4,2087.0
97,https://www.cnet.com/culture/apple-buys-virtual-assistant-app-maker-siri/,CNET,2010,4,28,177.0
98,https://www.cnet.com/culture/gdc-whats-next-for-video-game-ai/,CNET,2010,3,11,1216.0
99,https://www.cnet.com/culture/internets-future-on-display-at-singularity-u/,CNET,2010,3,4,1088.0
100,https://www.cnet.com/culture/at-singularity-university-blowing-minds-and-taking-meetings/,CNET,2010,3,2,1674.0
101,https://www.cnet.com/culture/x-prize-group-sets-sights-on-next-challenges-q-a/,CNET,2010,3,1,1883.0
102,https://www.cnet.com/culture/friday-poll-perfect-date-with-roxxxy-the-sex-robot/,CNET,2010,1,15,187.0
103,https://www.cnet.com/reviews/canon-eos-5d-mark-2-review/,CNET,2012,10,9,1330.0
104,https://www.cnet.com/reviews/dell-xps-m1730-review/,CNET,2007,10,23,1130.0
105,https://www.computerworld.com/article/1624975/one-in-10-us-homes-may-have-a-robot-by-2020.html,ComputerWorld,2015,12,24,272.0
106,https://www.computerworld.com/article/1622957/ford-plans-to-test-driverless-cars-in-california-next-year.html,ComputerWorld,2015,12,15,262.0
107,https://www.computerworld.com/article/1641251/and-now-a-security-drone-that-chases-intruders.html,ComputerWorld,2015,12,10,327.0
108,https://www.computerworld.com/article/1639727/5-things-you-should-know-about-drone-regulations.html,ComputerWorld,2015,12,4,475.0
109,https://www.computerworld.com/article/1636209/nasa-needs-robotic-upgrades-for-work-on-mars.html,ComputerWorld,2015,11,20,439.0
110,https://www.computerworld.com/article/1632469/why-human-in-the-loop-computing-is-the-future-of-machine-learning.html,ComputerWorld,2015,11,13,1046.0
111,https://www.computerworld.com/article/1633185/robot-keeps-stores-stocked-with-doritos-2.html,ComputerWorld,2015,11,12,480.0
112,https://www.computerworld.com/article/1633104/get-ready-for-car-as-a-service-caas.html,ComputerWorld,2015,11,12,779.0
113,https://www.computerworld.com/article/1632175/toyotas-ai-research-efforts-could-mean-cars-that-anticipate-traffic-pedestrian-moves.html,ComputerWorld,2015,11,11,1004.0
114,https://www.computerworld.com/article/1631317/autonomous-cars-arent-nearly-as-clever-as-you-think-says-toyota-exec.html,ComputerWorld,2015,11,6,424.0
115,https://www.computerworld.com/article/1630088/toyota-plans-1b-rd-push-on-ai-and-robotics-in-us.html,ComputerWorld,2015,11,6,488.0
116,https://www.computerworld.com/article/1630074/faa-panel-still-isnt-sure-how-to-regulate-drones.html,ComputerWorld,2015,11,5,460.0
117,https://www.computerworld.com/article/1630859/can-ai-influence-human-behavior-two-year-trial-seeks-an-answer.html,ComputerWorld,2015,11,5,364.0
118,https://www.computerworld.com/article/1625742/from-bionics-to-magic-mit-media-lab-celebrates-30-years-of-innovation.html,ComputerWorld,2015,10,30,1565.0
119,https://www.computerworld.com/article/1628074/lonely-on-the-road-what-about-a-robotic-driving-companion.html,ComputerWorld,2015,10,29,521.0
120,https://www.computerworld.com/article/1626986/drone-carrying-drugs-hacksaw-blades-crashes-into-oklahoma-prison.html,ComputerWorld,2015,10,27,186.0
121,https://www.computerworld.com/article/1649501/meet-the-virtual-woman-who-may-take-your-job-2.html,ComputerWorld,2015,10,9,637.0
122,https://www.computerworld.com/article/1649286/senate-bill-aims-to-make-it-a-federal-offense-to-recklessly-fly-drones.html,ComputerWorld,2015,10,8,493.0
123,https://www.computerworld.com/article/1648299/machines-are-replacing-writers-gartner-says.html,ComputerWorld,2015,10,6,632.0
124,https://www.computerworld.com/article/1637734/instead-of-robots-taking-jobs-ai-may-help-humans-do-their-jobs-better.html,ComputerWorld,2015,9,22,1078.0
125,https://www.computerworld.com/article/1636846/overcoming-our-fears-and-avoiding-robot-overlords.html,ComputerWorld,2015,9,18,1038.0
126,https://www.computerworld.com/article/1634817/robot-ethicist-wants-to-ban-sex-robots-before-sex-robots-ban-us-itbwgk.html,ComputerWorld,2015,9,15,222.0
127,https://www.computerworld.com/article/1633200/california-gov-jerry-brown-vetoes-controversial-bill-on-drone-restrictions.html,ComputerWorld,2015,9,10,388.0
128,https://www.computerworld.com/article/1623821/swarms-of-tiny-drones-could-be-used-for-rescue-missions-video.html,ComputerWorld,2015,8,25,492.0
129,https://www.computerworld.com/article/1622768/here-comes-the-drone-backlash.html,ComputerWorld,2015,8,24,1267.0
130,https://www.computerworld.com/article/1638895/are-we-safe-from-self-aware-robots.html,ComputerWorld,2015,8,13,950.0
131,https://www.computerworld.com/article/1634441/businesses-can-rent-a-robot-for-customer-care.html,ComputerWorld,2015,8,4,412.0
132,https://www.computerworld.com/article/1632292/pepper-the-robot-aspires-to-be-a-salesman.html,ComputerWorld,2015,7,30,720.0
133,https://www.computerworld.com/article/1628612/miller-s-wordnet-paves-the-way-for-a-i.html,ComputerWorld,2015,6,24,1243.0
134,https://www.computerworld.com/article/1634302/separating-science-fact-from-science-fiction-in-robotics-with-video.html,ComputerWorld,2015,6,23,1055.0
135,https://www.computerworld.com/article/1633695/personal-robot-that-shows-emotions-sells-out-in-1-minute.html,ComputerWorld,2015,6,22,310.0
136,https://www.computerworld.com/article/1619722/blame-chomsky-for-non-speaking-ai.html,ComputerWorld,2015,6,17,1104.0
137,https://www.computerworld.com/article/1630424/researcher-finds-redemption-possible-hotel-deal-after-robotics-challenge.html,ComputerWorld,2015,6,16,773.0
138,https://www.computerworld.com/article/1629332/philae-lander-phones-home-from-comet-hurtling-through-space.html,ComputerWorld,2015,6,15,406.0
139,https://www.computerworld.com/article/1628556/nasas-robot-event-challenges-robots-engineers.html,ComputerWorld,2015,6,12,743.0
140,https://www.computerworld.com/article/1625238/nasa-tests-darpa-challenge-robot-for-space-manufacturing.html,ComputerWorld,2015,6,9,615.0
141,https://www.computerworld.com/article/1619592/a-i-is-too-hard-for-programmers.html,ComputerWorld,2015,6,8,1266.0
142,https://www.computerworld.com/article/1623749/south-korean-team-surges-past-rivals-to-win-darpa-bot-battle.html,ComputerWorld,2015,6,7,837.0
143,https://www.computerworld.com/article/1621699/battle-of-the-bots-teams-compete-in-darpa-challenge.html,ComputerWorld,2015,6,5,778.0
144,https://www.computerworld.com/article/1621929/redemption-tech-advances-and-2m-prize-drive-darpa-robotics-finalists-video.html,ComputerWorld,2015,6,5,998.0
145,https://www.computerworld.com/article/1618937/why-apple-is-developing-artificial-intelligence.html,ComputerWorld,2015,5,29,619.0
146,https://www.computerworld.com/article/1617809/heres-a-security-drone-that-follows-you-around-and-takes-video.html,ComputerWorld,2015,5,22,443.0
147,https://www.computerworld.com/article/1378257/how-would-alan-turing-fix-ai.html,ComputerWorld,2015,5,22,873.0
148,https://www.computerworld.com/article/1378149/google-to-unleash-self-driving-car-on-public-streets-this-summer-itbwgk.html,ComputerWorld,2015,5,15,271.0
149,https://www.computerworld.com/article/1377834/stephen-hawking-fears-robots-could-take-over-in-100-years.html,ComputerWorld,2015,5,14,384.0
150,https://www.computerworld.com/article/1373585/googles-self-driving-car-needs-crash-course-in-pr-itbwgk.html,ComputerWorld,2015,5,12,277.0
151,https://www.computerworld.com/article/1375789/sen-warner-seeks-dot-research-to-combat-rogue-drones.html,ComputerWorld,2015,5,11,334.0
152,https://www.computerworld.com/article/1374593/tethered-drones-only-look-crazy.html,ComputerWorld,2015,5,8,816.0
153,https://www.computerworld.com/article/1372849/its-now-or-never-to-speed-up-robots-for-darpa-challenge.html,ComputerWorld,2015,5,7,943.0
154,https://www.computerworld.com/article/1369270/wpis-team-gears-up-for-final-battle-of-the-bots.html,ComputerWorld,2015,5,5,949.0
155,https://www.computerworld.com/article/1367485/fetch-warehouse-robots-can-work-in-pairs.html,ComputerWorld,2015,4,29,380.0
156,https://www.computerworld.com/article/1360777/drones-in-the-enterprise-the-future-of-data-collection-2.html,ComputerWorld,2015,4,15,1209.0
157,https://www.computerworld.com/article/1359809/microsoft-demos-industrial-robot-linked-to-cloud-mobile-devices.html,ComputerWorld,2015,4,13,315.0
158,https://www.computerworld.com/article/1647870/what-is-artificial-intelligence.html,ComputerWorld,2015,4,10,1152.0
159,https://www.computerworld.com/article/1359643/transforming-robot-probes-fukushima-reactor-vessel-2.html,ComputerWorld,2015,4,10,483.0
160,https://www.computerworld.com/article/1648799/robot-aquarium-fish-has-one-job-scare-zebrafish.html,ComputerWorld,2015,4,7,781.0
161,https://www.computerworld.com/article/1648111/robotics-can-now-give-you-a-leg-up-literally.html,ComputerWorld,2015,4,6,586.0
162,https://www.computerworld.com/article/1646273/more-than-2000-comments-offered-on-proposed-drone-regulations.html,ComputerWorld,2015,4,2,427.0
163,https://www.computerworld.com/article/1646790/is-your-robot-a-little-cheeky-google-may-build-it-that-way.html,ComputerWorld,2015,4,2,496.0
164,https://www.computerworld.com/article/1641468/google-bringing-vision-to-robots-that-need-touch.html,ComputerWorld,2015,3,30,960.0
165,https://www.computerworld.com/article/1634299/japan-aims-octopus-robot-at-nuclear-disasters.html,ComputerWorld,2015,3,20,446.0
166,https://www.computerworld.com/article/1629692/anti-robot-protest-takes-aim-at-the-wrong-villains.html,ComputerWorld,2015,3,16,1194.0
167,https://www.computerworld.com/article/1626925/faas-drone-proposals-get-cautious-welcome-from-public.html,ComputerWorld,2015,3,10,626.0
168,https://www.computerworld.com/article/1625733/robots-to-get-more-processing-power-with-intels-xeon-d-chips.html,ComputerWorld,2015,3,9,602.0
169,https://www.computerworld.com/article/1624473/darpa-sets-finalists-for-high-risk-high-reward-robotics-challenge.html,ComputerWorld,2015,3,5,711.0
170,https://www.computerworld.com/article/1619112/uk-researchers-are-building-robotic-pants.html,ComputerWorld,2015,2,26,383.0
171,https://www.computerworld.com/article/1660742/budget-2015-what-vendors-want-2.html,ComputerWorld,2015,2,25,130.0
172,https://www.computerworld.com/article/1637317/nasas-jpl-preps-two-robots-for-darpa-challenge.html,ComputerWorld,2015,2,17,773.0
173,https://www.computerworld.com/article/1673391/road-to-the-darpa-robotics-finals-2.html,ComputerWorld,2015,2,17,508.0
174,https://www.computerworld.com/article/1638728/faa-proposes-opening-skies-to-commercial-drones.html,ComputerWorld,2015,2,15,405.0
175,https://www.computerworld.com/article/1635066/darpas-future-war-looks-like-a-video-game.html,ComputerWorld,2015,2,11,1398.0
176,https://www.computerworld.com/article/1635782/nasa-rides-artificial-intelligence-to-the-moon-and-mars.html,ComputerWorld,2015,2,11,1148.0
177,https://www.computerworld.com/article/1631064/ai-is-getting-smarter.html,ComputerWorld,2015,2,5,1054.0
178,https://www.computerworld.com/article/1627505/darpa-teaches-robots-to-cook-by-watching-youtube.html,ComputerWorld,2015,1,30,884.0
179,https://www.computerworld.com/article/1625469/at-ucsf-medical-center-robot-aided-healthcare-is-here.html,ComputerWorld,2015,1,29,908.0
180,https://www.computerworld.com/article/1625990/scientists-say-ai-fears-unfounded-could-hinder-tech-advances.html,ComputerWorld,2015,1,29,983.0
181,https://www.computerworld.com/article/1626427/mini-brain-in-spinal-cord-helps-brain-keep-body-balanced.html,ComputerWorld,2015,1,29,792.0
182,https://www.computerworld.com/article/1619250/atlas-unplugged-darpa-challenge-robot-gets-major-makeover.html,ComputerWorld,2015,1,22,770.0
183,https://www.computerworld.com/article/1660839/make-in-india-indusface.html,ComputerWorld,2015,1,18,802.0
184,https://www.computerworld.com/article/1494078/at-ces-consumer-products-with-it-implications-2.html,ComputerWorld,2015,1,8,607.0
185,https://www.computerworld.com/article/1493252/report-drones-suck-at-u-s-border-patrol-or-vice-versa.html,ComputerWorld,2015,1,7,813.0
186,https://www.computerworld.com/article/1491399/acoustic-levitation-next-best-thing-to-anti-gravity.html,ComputerWorld,2015,1,5,851.0
187,https://www.computerworld.com/article/1490471/stanford-launches-100-year-study-of-artificial-intelligence.html,ComputerWorld,2014,12,24,580.0
188,https://www.computerworld.com/article/1660766/make-in-india-vaultize-technologies.html,ComputerWorld,2014,12,21,987.0
189,https://www.computerworld.com/article/1488482/army-lab-asks-help-building-wing-flapping-robot-fly.html,ComputerWorld,2014,12,19,714.0
190,https://www.computerworld.com/article/1660860/make-in-india-rightcloudz-2.html,ComputerWorld,2014,12,10,1546.0
191,https://www.computerworld.com/article/1485152/stephen-hawking-says-ai-could-end-human-race.html,ComputerWorld,2014,12,3,655.0
192,https://www.computerworld.com/article/1484736/amazon-uses-robots-to-bolster-warehouses-during-holiday-rush.html,ComputerWorld,2014,12,1,298.0
193,https://www.computerworld.com/article/1484569/close-shaves-between-aircraft-and-drones-are-on-the-upswing.html,ComputerWorld,2014,11,27,392.0
194,https://www.computerworld.com/article/1484526/robot-networked-tablets-head-to-west-africa-to-fight-ebola.html,ComputerWorld,2014,11,26,1030.0
195,https://www.computerworld.com/article/1484018/cameras-robotic-mules-could-help-battle-ebola-in-west-africa.html,ComputerWorld,2014,11,20,741.0
196,https://www.computerworld.com/article/1614524/qualcomms-releasing-a-robotics-platform-heres-how-it-happened.html,ComputerWorld,2014,11,13,835.0
197,https://www.computerworld.com/article/1613647/robotic-spiders-may-someday-build-satellites-in-space.html,ComputerWorld,2014,11,11,654.0
198,https://www.computerworld.com/article/1612179/researchers-medical-workers-seek-tech-answers-to-ebola-outbreak.html,ComputerWorld,2014,11,7,849.0
199,https://www.computerworld.com/article/1610280/china-eyes-a-bigger-role-in-robotics.html,ComputerWorld,2014,11,3,252.0
200,https://www.computerworld.com/article/1610288/andy-rubin-says-bye-bye-google-itbwgk.html,ComputerWorld,2014,10,31,180.0
201,https://www.computerworld.com/article/1609678/google-ai-project-apes-memory-programs-sort-of-like-a-human.html,ComputerWorld,2014,10,30,423.0
202,https://www.computerworld.com/article/1609577/ai-researchers-say-elon-musks-fears-not-completely-crazy.html,ComputerWorld,2014,10,29,1154.0
203,https://www.computerworld.com/article/1607386/automation-arrives-at-restaurants-but-dont-blame-rising-minimum-wages.html,ComputerWorld,2014,10,24,629.0
204,https://www.computerworld.com/article/1605989/ask-watson-or-siri-artificial-intelligence-is-as-elusive-as-ever.html,ComputerWorld,2014,10,20,1229.0
205,https://www.computerworld.com/article/1605600/researchers-to-meet-with-aid-workers-to-build-ebola-fighting-robots.html,ComputerWorld,2014,10,17,1221.0
206,https://www.computerworld.com/article/1605521/smart-walkers-lead-the-way-for-japanese-eldercare-robots.html,ComputerWorld,2014,10,16,645.0
207,https://www.computerworld.com/article/1605387/nasa-robots-are-our-friends.html,ComputerWorld,2014,10,16,746.0
208,https://www.computerworld.com/article/1600416/robot-gets-a-driving-lesson-for-darpa-challenge.html,ComputerWorld,2014,10,9,1113.0
209,https://www.computerworld.com/article/1379229/astronauts-to-make-robotics-repairs-during-65-hour-spacewalk.html,ComputerWorld,2014,10,7,272.0
210,https://www.computerworld.com/article/1378489/the-navy-is-building-robotic-weaponized-boats.html,ComputerWorld,2014,10,6,1602.0
211,https://www.computerworld.com/article/1377394/japan-rolls-out-cheerleading-swarm-robots.html,ComputerWorld,2014,9,24,580.0
212,https://www.computerworld.com/article/1376060/mits-cheetah-robot-is-off-its-leash-running-and-jumping.html,ComputerWorld,2014,9,17,606.0
213,https://www.computerworld.com/article/1374961/drones-are-the-new-pets-com.html,ComputerWorld,2014,9,8,839.0
214,https://www.computerworld.com/article/1374798/2017-cadillacs-will-have-automated-highway-driving-features-gm-says.html,ComputerWorld,2014,9,8,309.0
215,https://www.computerworld.com/article/1373739/will-a-bot-take-your-help-desk-job.html,ComputerWorld,2014,9,1,835.0
216,https://www.computerworld.com/article/1374081/scientists-create-one-robot-brain-to-rule-them-all.html,ComputerWorld,2014,8,29,644.0
217,https://www.computerworld.com/article/1373808/ready-for-the-robot-revolution.html,ComputerWorld,2014,8,27,1097.0
218,https://www.computerworld.com/article/1525912/vc-investors-hot-for-the-cloud-mobile-and-robots-2.html,ComputerWorld,2014,8,19,649.0
219,https://www.computerworld.com/article/1660992/technology-refines-education-at-indian-school-of-business-2.html,ComputerWorld,2014,8,17,591.0
220,https://www.computerworld.com/article/1525153/scientists-create-self-assembling-working-robots-2.html,ComputerWorld,2014,8,8,548.0
221,https://www.computerworld.com/article/1523325/changes-afoot-as-darpa-challenge-robots-prep-for-upgrade.html,ComputerWorld,2014,7,25,865.0
222,https://www.computerworld.com/article/1522463/nasa-upgrades-humanoid-robot-in-space.html,ComputerWorld,2014,7,22,460.0
223,https://www.computerworld.com/article/1521886/under-google-robot-maker-reduces-dependence-on-military-funding-2.html,ComputerWorld,2014,7,18,653.0
224,https://www.computerworld.com/article/1526139/ready-the-robots-darpa-sets-finals-for-robotics-challenge.html,ComputerWorld,2014,7,1,458.0
225,https://www.computerworld.com/article/1525958/a-good-robot-is-hard-to-find-or-build.html,ComputerWorld,2014,6,13,1063.0
226,https://www.computerworld.com/article/1524846/nasa-challenge-tests-autonomous-robots.html,ComputerWorld,2014,6,11,584.0
227,https://www.computerworld.com/article/1523855/hail-cyborgs-the-line-between-robots-and-humans-is-blurring.html,ComputerWorld,2014,6,6,1141.0
228,https://www.computerworld.com/article/1520610/in-big-step-for-robotics-one-robot-repairs-another-in-space.html,ComputerWorld,2014,5,29,843.0
229,https://www.computerworld.com/article/1495278/older-adults-worry-kids-will-be-lazy-if-robots-don-t-have-parental-controls.html,ComputerWorld,2014,5,6,650.0
230,https://www.computerworld.com/article/1661886/capex-to-opex-how-gokaldas-cio-convinced-his-vendor-to-move-to-a-new-payment-model-2.html,ComputerWorld,2013,1,21,738.0
231,https://www.computerworld.com/article/1661365/hyderabad-and-delhi-have-become-it-benchmarks-for-other-airports-in-india-cio-of-delhi-airport.html,ComputerWorld,2013,1,8,1490.0
232,https://www.computerworld.com/article/1661962/avoiding-vendor-lock-in-itc-shows-the-way-2.html,ComputerWorld,2012,11,6,598.0
233,https://www.computerworld.com/article/1661393/transforming-the-journey-lifecycle-of-a-passenger-with-its-help-bial-cio.html,ComputerWorld,2012,10,8,536.0
234,https://www.computerworld.com/article/1694533/ray-kurzweil-it-will-be-everything.html,ComputerWorld,2006,1,9,1125.0
235,https://www.engadget.com/2015-12-29-microsoft-xiaoice-ai-china-weather-host.html,Engadget,2015,12,29,251.0
236,https://www.engadget.com/2015-12-22-google-ai-chat-assistant-leak.html,Engadget,2015,12,22,164.0
237,https://www.engadget.com/2015-12-12-recommended-reading-12-12-15.html,Engadget,2015,12,12,167.0
238,https://www.engadget.com/2015-12-12-lie-detection-software-learns-from-real-court-cases.html,Engadget,2015,12,12,234.0
239,https://www.engadget.com/2015-12-11-an-ai-algorithm-can-draw-letters-as-well-as-a-human.html,Engadget,2015,12,11,237.0
240,https://www.engadget.com/2015-12-10-facebook-makes-the-hardware-it-uses-for-ai-open-source.html,Engadget,2015,12,10,182.0
241,https://www.engadget.com/2015-12-04-robots-expected-to-run-half-of-japan-by-2035.html,Engadget,2015,12,4,216.0
242,https://www.engadget.com/2015-12-02-wikipedia-ai-editor.html,Engadget,2015,12,2,267.0
243,https://www.engadget.com/2015-12-01-ai-gabriel-wants-to-whisper-instructions-in-your-ear.html,Engadget,2015,12,1,304.0
244,https://www.engadget.com/2015-11-27-icymi-plant-powered-lamps-livestreaming-ai-and-more.html,Engadget,2015,11,27,162.0
245,https://www.engadget.com/2015-11-16-ai-has-a-better-shot-at-tokyo-university-than-your-kid.html,Engadget,2015,11,16,234.0
246,https://www.engadget.com/2015-10-30-selfie-ai.html,Engadget,2015,10,30,251.0
247,https://www.engadget.com/2015-10-29-halo-5-guardians-combat-devolved.html,Engadget,2015,10,29,1728.0
248,https://www.engadget.com/2015-10-26-google-rankbrain-search-ai.html,Engadget,2015,10,26,222.0
249,https://www.engadget.com/2015-10-24-apple-hires-nvidia-ai-director.html,Engadget,2015,10,24,128.0
250,https://www.engadget.com/2015-10-09-ai-tax-evasion.html,Engadget,2015,10,9,307.0
251,https://www.engadget.com/2015-10-09-stephen-hawking-ai-reddit-ama.html,Engadget,2015,10,9,538.0
252,https://www.engadget.com/2015-09-17-barbie-has-some-career-advice-for-your-child.html,Engadget,2015,9,17,916.0
253,https://www.engadget.com/2015-09-10-baidu-unveils-a-voice-activated-ai-based-smartphone-assistant.html,Engadget,2015,9,10,116.0
254,https://www.engadget.com/2015-09-05-georgia-tech-scheherazade-if.html,Engadget,2015,9,5,216.0
255,https://www.engadget.com/2015-09-04-toyota-ai-mit-stanford.html,Engadget,2015,9,4,326.0
256,https://www.engadget.com/2015-08-29-recommended-reading-8-29-15.html,Engadget,2015,8,29,278.0
257,https://www.engadget.com/2015-08-26-facebook-messenger-m-assistant.html,Engadget,2015,8,26,219.0
258,https://www.engadget.com/2015-08-10-microsoft-attempts-to-teach-computers-how-to-make-a-funny.html,Engadget,2015,8,10,268.0
259,https://www.engadget.com/2015-08-10-fullbright-tacoma-interview.html,Engadget,2015,8,10,3266.0
260,https://www.engadget.com/2015-08-02-hitchhiking-robot-ends-us-trip-early.html,Engadget,2015,8,2,121.0
261,https://www.engadget.com/2015-07-27-call-for-ban-on-autonomous-weapons.html,Engadget,2015,7,27,200.0
262,https://www.engadget.com/2015-07-17-ibm-watson-tone-analyzer-writing.html,Engadget,2015,7,17,382.0
263,https://www.engadget.com/2015-07-12-microsoft-machine-teaching.html,Engadget,2015,7,12,160.0
264,https://www.engadget.com/2015-07-10-google-ai-gmail-spam.html,Engadget,2015,7,10,220.0
265,https://www.engadget.com/2015-07-05-darpa-visual-media-reasoning.html,Engadget,2015,7,5,188.0
266,https://www.engadget.com/2015-07-02-elon-musk-future-of-life-safe-ai.html,Engadget,2015,7,2,255.0
267,https://www.engadget.com/2015-07-02-googles-chatbot-learned-how-to-talk-from-movies.html,Engadget,2015,7,2,565.0
268,https://www.engadget.com/2015-06-30-amc-humans-review.html,Engadget,2015,6,30,893.0
269,https://www.engadget.com/2015-06-27-the-photos-you-probably-wont-find-on-instagram.html,Engadget,2015,6,27,234.0
270,https://www.engadget.com/2015-06-22-facebook-algorithm-identifies-people-with-hidden-faces.html,Engadget,2015,6,22,160.0
271,https://www.engadget.com/2015-06-20-facebook-and-google-ai-image-creation.html,Engadget,2015,6,20,255.0
272,https://www.engadget.com/2015-06-20-amazon-machine-learning-for-reviews.html,Engadget,2015,6,20,229.0
273,https://www.engadget.com/2015-06-17-twitter-buys-machine-learning-startup.html,Engadget,2015,6,17,141.0
274,https://www.engadget.com/2015-06-17-super-mario-world-self-learning-ai.html,Engadget,2015,6,17,306.0
275,https://www.engadget.com/2015-06-04-computer-vision-pain-detection.html,Engadget,2015,6,4,162.0
276,https://www.engadget.com/2015-06-02-google-calorie-counting-in-photos.html,Engadget,2015,6,2,231.0
277,https://www.engadget.com/2015-05-28-robot-crawls-with-legs-damaged-aww.html,Engadget,2015,5,28,208.0
278,https://www.engadget.com/2015-05-25-brett-deep-learning-robot.html,Engadget,2015,5,25,213.0
279,https://www.engadget.com/2015-05-19-fetch-expect-labs-apple-watch-shopping.html,Engadget,2015,5,19,334.0
280,https://www.engadget.com/2015-05-14-wolfram-language-image-identification.html,Engadget,2015,5,14,228.0
281,https://www.engadget.com/2015-04-10-ex-machina-review.html,Engadget,2015,4,10,1084.0
282,https://www.engadget.com/2015-04-09-ibm-numenta-ai-software.html,Engadget,2015,4,9,307.0
283,https://www.engadget.com/2015-04-01-ex-machina-alex-garland-interview.html,Engadget,2015,4,1,1614.0
284,https://www.engadget.com/2015-03-26-facebooks-ai-can-see-inside-your-videos-and-posts.html,Engadget,2015,3,26,164.0
285,https://www.engadget.com/2015-03-19-human-like-ai-optical-fiber-research.html,Engadget,2015,3,19,211.0
286,https://www.engadget.com/2015-03-07-chappie-ai.html,Engadget,2015,3,7,719.0
287,https://www.engadget.com/2015-03-06-nao-and-forever-how-i-learned-to-love-a-robot.html,Engadget,2015,3,6,1455.0
288,https://www.engadget.com/2015-02-26-deepmind-atari-games-tests.html,Engadget,2015,2,26,304.0
289,https://www.engadget.com/2015-02-05-eve-robot-scientist-malaria.html,Engadget,2015,2,5,377.0
290,https://www.engadget.com/2015-01-28-bill-gates-ai.html,Engadget,2015,1,28,218.0
291,https://www.engadget.com/2015-01-09-ai-cepheus-poker.html,Engadget,2015,1,9,282.0
292,https://www.engadget.com/2014-11-20-revamped-turing-test-expects-computers-to-show-imagination.html,Engadget,2014,11,20,535.0
293,https://www.engadget.com/2014-09-30-soe-devs-on-everquest-nexts-life-of-consequence.html,Engadget,2014,9,30,102.0
294,https://www.engadget.com/2014-09-25-neighborhood-algorithm.html,Engadget,2014,9,25,217.0
295,https://www.engadget.com/2014-09-12-the-safe-project.html,Engadget,2014,9,12,244.0
296,https://www.engadget.com/2014-08-21-soe-live-2014-the-revolutionary-intelligence-of-storybricks-ai.html,Engadget,2014,8,21,1513.0
297,https://www.engadget.com/2014-08-19-hitchbot-completes-trip.html,Engadget,2014,8,19,117.0
298,https://www.engadget.com/2014-08-12-viv-labs-ai.html,Engadget,2014,8,12,169.0
299,https://www.engadget.com/2014-07-05-forza-horizon-2-features-kinect-enabled-assistant-called-anna.html,Engadget,2014,7,5,157.0
300,https://www.engadget.com/2014-06-08-supercomputer-passes-turing-test.html,Engadget,2014,6,8,319.0
301,https://www.engadget.com/2014-06-04-cortana-microsoft-windows-phone.html,Engadget,2014,6,4,2067.0
302,https://www.engadget.com/2014-05-28-google-uses-neural-net-learning-to-cut-server-energy-bills.html,Engadget,2014,5,28,132.0
303,https://www.engadget.com/2014-03-20-xprize-wants-to-fund-artificial-intelligence-ted-talk.html,Engadget,2014,3,20,222.0
304,https://www.engadget.com/2014-03-12-this-is-the-advanced-ai-tech-powering-star-citizen.html,Engadget,2014,3,12,717.0
305,https://www.engadget.com/2014-02-09-torres-quevedo-chess-player-automaton.html,Engadget,2014,2,9,1143.0
306,https://www.engadget.com/2014-01-26-google-report-artificial-intelligence-startup-deepmind.html,Engadget,2014,1,26,109.0
307,https://www.engadget.com/2014-01-15-image-algorithm-can-recognize-objects-without-any-human-help.html,Engadget,2014,1,15,133.0
308,https://www.engadget.com/2013-12-23-uk-pardons-computing-pioneer-alan-turing.html,Engadget,2013,12,23,107.0
309,https://www.engadget.com/2013-12-09-facebook-hires-nyu-professor-to-lead-its-ai-efforts.html,Engadget,2013,12,9,88.0
310,https://www.engadget.com/2013-11-02-recommended-reading-douglas-hofstadter-ai.html,Engadget,2013,11,2,428.0
311,https://www.engadget.com/2013-09-27-evernote-augmented-intelligence.html,Engadget,2013,9,27,650.0
312,https://www.engadget.com/2013-09-20-facebook-developing-ai-to-find-deeper-meaning-in-feeds.html,Engadget,2013,9,20,116.0
313,https://www.engadget.com/2013-07-16-uic-artificial-intelligence-test-common-sense.html,Engadget,2013,7,16,131.0
314,https://www.engadget.com/2013-06-10-apple-anki-drive.html,Engadget,2013,6,10,586.0
315,https://www.engadget.com/2013-05-16-google-nasa-quantum-computing.html,Engadget,2013,5,16,180.0
316,https://www.engadget.com/2013-04-27-tattered-notebook-eq-next-and-storybricks-sitting-in-a-tree.html,Engadget,2013,4,27,1157.0
317,https://www.engadget.com/2013-04-23-storybricks-team-announces-everquest-next-collaboration.html,Engadget,2013,4,23,120.0
318,https://www.engadget.com/2013-03-12-guardians-of-middle-earth-a-fun-game-doomed-by-its-business-mod.html,Engadget,2013,3,12,1451.0
319,https://www.engadget.com/2013-02-28-ibm-watson-pastry-drug-research.html,Engadget,2013,2,28,158.0
320,https://www.engadget.com/2013-02-13-smart-calendar-app-tempo-speeds-up-your-day.html,Engadget,2013,2,13,719.0
321,https://www.engadget.com/2012-12-27-exclusive-storybricks-dev-diary-expounds-on-bringing-npcs-to-li.html,Engadget,2012,12,27,1808.0
322,https://www.engadget.com/2012-12-06-storybricks-shifting-gears-partnering-with-several-studios.html,Engadget,2012,12,6,171.0
323,https://www.engadget.com/2012-10-12-georgia-tech-macgyver-robot.html,Engadget,2012,10,12,205.0
324,https://www.engadget.com/2012-08-29-ibm-debuts-new-mainframe-computer-as-it-eyes-a-more-mobile-watso.html,Engadget,2012,8,29,216.0
325,https://www.engadget.com/2012-08-03-rogue-automatic-trading.html,Engadget,2012,8,3,93.0
326,https://www.engadget.com/2012-08-01-netflix-max-ps3.html,Engadget,2012,8,1,261.0
327,https://www.engadget.com/2012-07-27-borderlands-2-baddies-are-smarter-than-you-think.html,Engadget,2012,7,27,863.0
328,https://www.engadget.com/2012-07-16-inactive-players-giving-rise-to-xsyon-zombies.html,Engadget,2012,7,16,164.0
329,https://www.engadget.com/2012-06-22-undead-labs-on-making-a-believable-zombie-apocalypse.html,Engadget,2012,6,22,152.0
330,https://www.engadget.com/2012-03-16-ai-system-programs-a-game-with-a-suspicious-theme.html,Engadget,2012,3,16,184.0
331,https://www.engadget.com/2012-03-08-angelina-the-experimental-ai-thats-coming-for-our-game-dev-job.html,Engadget,2012,3,8,120.0
332,https://www.engadget.com/2012-02-13-the-last-of-us-combat-forces-you-to-think-through-the-situation.html,Engadget,2012,2,13,112.0
333,https://www.engadget.com/2012-01-24-league-of-legends-update-bringing-sharper-ai-new-bots.html,Engadget,2012,1,24,216.0
334,https://www.engadget.com/2012-01-13-mortal-online-announces-a-new-expansion-called-awakening.html,Engadget,2012,1,13,151.0
335,https://www.engadget.com/2012-01-02-the-daily-grind-whats-your-favorite-mmo-pet-class.html,Engadget,2012,1,2,210.0
336,https://www.engadget.com/2011-10-31-artificial-tongue-distinguishes-18-different-types-of-canned-tom.html,Engadget,2011,10,31,88.0
337,https://www.engadget.com/2011-10-26-why-google-and-microsoft-need-to-fear-siri.html,Engadget,2011,10,26,456.0
338,https://www.engadget.com/2011-10-25-john-mccarthy-ai-pioneer-dies-at-84.html,Engadget,2011,10,25,127.0
339,https://www.engadget.com/2011-10-17-siri-and-the-possibility-of-artificial-intelligence.html,Engadget,2011,10,17,280.0
340,https://www.engadget.com/2011-10-16-switched-on-as-siri-gets-serious.html,Engadget,2011,10,16,873.0
341,https://www.engadget.com/2011-10-03-iphone-assistant-called-a-world-changing-event-by-siri-co-foun.html,Engadget,2011,10,3,190.0
342,https://www.engadget.com/2011-09-16-some-assembly-required-diving-into-details-of-origins-of-malu.html,Engadget,2011,9,16,2363.0
343,https://www.engadget.com/2011-09-12-ibms-watson-set-to-tackle-health-insurance-takes-diagnosis-fo.html,Engadget,2011,9,12,145.0
344,https://www.engadget.com/2011-08-10-origins-website-hints-at-lofty-sandbox-goals.html,Engadget,2011,8,10,170.0
345,https://www.engadget.com/2011-08-08-storybricks-opening-the-pandoras-box-of-mmo-design.html,Engadget,2011,8,8,1208.0
346,https://www.engadget.com/2011-07-11-calling-for-tech-support-ibms-watson-might-be-on-the-other-end.html,Engadget,2011,7,11,139.0
347,https://www.engadget.com/2011-07-06-gods-and-heroes-rome-rising-releases-new-combat-trailer.html,Engadget,2011,7,6,127.0
348,https://www.engadget.com/2011-05-23-smarter-elevators-sort-riders-stand-ready-to-enforce-social-hie.html,Engadget,2011,5,23,130.0
349,https://www.engadget.com/2011-05-11-schizophrenic-computer-may-help-us-understand-similarly-afflicte.html,Engadget,2011,5,11,136.0
350,https://www.engadget.com/2011-05-03-funcom-teases-new-age-of-conan-group-dungeons.html,Engadget,2011,5,3,158.0
351,https://www.engadget.com/2011-04-25-researchers-build-synthetic-synapse-circuit-prosthetic-brains-s.html,Engadget,2011,4,25,641.0
352,https://www.engadget.com/2011-04-07-tera-shows-off-centaur-lore-and-tactics.html,Engadget,2011,4,7,141.0
353,https://www.engadget.com/2011-04-04-darkfall-activity-report-highlights-game-changing-revamps-recen.html,Engadget,2011,4,4,150.0
354,https://www.engadget.com/2011-03-23-japans-space-agency-considers-using-rockets-with-artificial-int.html,Engadget,2011,3,23,165.0
355,https://www.engadget.com/2011-03-17-massivelys-exclusive-tera-lore-day-in-the-life-kumas.html,Engadget,2011,3,17,675.0
356,https://www.engadget.com/2011-03-14-darkfall-blog-details-pve-tweaks-hints-at-big-pvp-changes.html,Engadget,2011,3,14,189.0
357,https://www.engadget.com/2011-01-13-ibm-demonstrates-watson-supercomputer-in-jeopardy-practice-match.html,Engadget,2011,1,13,1508.0
358,https://www.engadget.com/2010-12-22-quadrocopter-plays-the-piano-wishes-us-a-happy-and-complacent-h.html,Engadget,2010,12,22,96.0
359,https://www.engadget.com/2010-11-11-robo-nurse-gives-gentle-bed-baths-keeps-its-laser-eye-on-you-v.html,Engadget,2010,11,11,115.0
360,https://www.engadget.com/2010-11-03-dota-2-faq-has-icefrog-talking-ai-bots-replays-and-more.html,Engadget,2010,11,3,266.0
361,https://www.engadget.com/2010-10-12-nell-machine-learning-system-could-easily-beat-you-at-trivial-pu.html,Engadget,2010,10,12,247.0
362,https://www.engadget.com/2010-10-09-google-and-tu-braunschweig-independently-develop-self-driving-ca.html,Engadget,2010,10,9,233.0
363,https://www.engadget.com/2010-10-05-fujitsus-social-robot-bear-is-the-supertoy-of-kubricks-dreams.html,Engadget,2010,10,5,168.0
364,https://www.engadget.com/2010-09-20-aventurine-expanding-darkfall-development-team.html,Engadget,2010,9,20,221.0
365,https://www.engadget.com/2010-09-09-bungies-halo-ai-secrets-exposed-in-technical-review.html,Engadget,2010,9,9,158.0
366,https://www.engadget.com/2010-09-07-swiss-researchers-show-off-brain-controlled-ai-augmented-wheelc.html,Engadget,2010,9,7,157.0
367,https://www.engadget.com/2010-09-01-super-scribblenauts-features-a-reprogrammed-maxwell.html,Engadget,2010,9,1,306.0
368,https://www.engadget.com/2010-08-14-prototype-of-robot-that-develops-emotions-on-interacting-with-hu.html,Engadget,2010,8,14,184.0
369,https://www.engadget.com/2010-07-23-driverless-vans-set-off-on-intercontinental-trek-from-italy-to-c.html,Engadget,2010,7,23,149.0
370,https://www.engadget.com/2010-07-21-darkfall-details-expansion-mob-ai.html,Engadget,2010,7,21,165.0
371,https://www.engadget.com/2010-07-05-intel-connected-cars-will-record-your-bad-driving-for-posterity.html,Engadget,2010,7,5,137.0
372,https://www.engadget.com/2010-06-19-muon-the-humanoid-robot-is-our-ideal-best-friend.html,Engadget,2010,6,19,168.0
373,https://www.engadget.com/2010-06-17-ibms-watson-is-really-smart-will-try-to-prove-it-on-jeopardy.html,Engadget,2010,6,17,192.0
374,https://www.engadget.com/2010-05-25-tchess-pro-for-ipad-is-very-very-good.html,Engadget,2010,5,25,476.0
375,https://www.engadget.com/2010-05-17-ipad-takes-to-the-skies-with-bluebox-ai-this-july.html,Engadget,2010,5,17,99.0
376,https://www.engadget.com/2010-04-22-aila-bot-can-recognize-objects-weight-and-fragility-render-she.html,Engadget,2010,4,22,130.0
377,https://www.engadget.com/2010-04-06-former-apple-store-employee-creates-iron-mans-j-a-r-v-i-s-usin.html,Engadget,2010,4,6,221.0
378,https://www.engadget.com/2010-03-14-sid-meier-talks-player-psychology-and-the-year-of-civilization.html,Engadget,2010,3,14,446.0
379,https://www.engadget.com/2010-02-21-perfect-world-entertainment-talks-about-delay-on-battle-of-the-i.html,Engadget,2010,2,21,810.0
380,https://www.engadget.com/2010-02-15-aikon-2-robot-sketches-the-human-face-uses-its-talent-to-meet-g.html,Engadget,2010,2,15,185.0
381,https://www.engadget.com/2010-02-06-left-4-dead-2-gets-bots-and-sdk-fixes-in-update-360-patch-comin.html,Engadget,2010,2,6,357.0
382,https://www.engadget.com/2009-12-22-valve-beta-testing-ai-opponents-in-team-fortress-2.html,Engadget,2009,12,22,167.0
383,https://www.engadget.com/2009-11-18-ibm-simulates-cats-brain-humans-are-next.html,Engadget,2009,11,18,164.0
384,https://www.engadget.com/2009-10-30-mits-affective-intelligent-driving-agent-is-kitt-and-clippys-l.html,Engadget,2009,10,30,153.0
385,https://www.engadget.com/2009-10-26-evigroups-pad-is-a-10-inch-3g-tablet-with-personality.html,Engadget,2009,10,26,145.0
386,https://www.engadget.com/2009-08-13-computer-script-plays-super-mario-world-by-itself.html,Engadget,2009,8,13,141.0
387,https://www.engadget.com/2009-08-13-ros-a-common-os-to-streamline-robotic-engineering.html,Engadget,2009,8,13,130.0
388,https://www.engadget.com/2009-07-21-eatr-robots-claim-to-be-vegetarian-sure.html,Engadget,2009,7,21,127.0
389,https://www.engadget.com/2009-07-14-are-memristors-the-future-of-artifical-intelligence-darpa-think.html,Engadget,2009,7,14,217.0
390,https://www.engadget.com/2009-07-10-eatr-robots-are-coming-this-isnt-funny-anymore.html,Engadget,2009,7,10,135.0
391,https://www.engadget.com/2009-06-06-researchers-develop-a-robot-that-reads-your-intentions-says-you.html,Engadget,2009,6,6,180.0
392,https://www.engadget.com/2009-04-27-ibms-watson-to-rival-humans-in-round-of-jeopardy.html,Engadget,2009,4,27,141.0
393,https://www.engadget.com/2009-04-07-fallen-earth-dev-diary-focuses-on-introducing-new-players-to-pvp.html,Engadget,2009,4,7,438.0
394,https://www.engadget.com/2009-04-03-artificial-intelligence-solves-boring-science-experiments-makes.html,Engadget,2009,4,3,180.0
395,https://www.engadget.com/2009-03-24-gdc09-havok-gets-smart-announces-havok-ai.html,Engadget,2009,3,24,100.0
396,https://www.engadget.com/2009-03-12-brown-university-darpa-give-irobots-packbot-autonomy.html,Engadget,2009,3,12,157.0
397,https://www.engadget.com/2009-03-06-massivelys-apocrypha-expansion-hands-on-the-sleepers.html,Engadget,2009,3,6,1103.0
398,https://www.engadget.com/2009-03-03-platinum-games-discusses-enemy-ai-in-madworld.html,Engadget,2009,3,3,248.0
399,https://www.engadget.com/2009-03-02-gesture-recognizing-qb1-computer-attends-to-your-every-desire.html,Engadget,2009,3,2,139.0
400,https://www.engadget.com/2009-02-23-eve-online-developer-explains-new-ai-for-the-sleeper-race.html,Engadget,2009,2,23,285.0
401,https://www.engadget.com/2009-02-18-navy-report-warns-of-robot-uprising-suggests-a-strong-moral-com.html,Engadget,2009,2,18,218.0
402,https://www.engadget.com/2009-02-02-ibm-develops-computerized-voice-that-actually-sounds-human.html,Engadget,2009,2,2,129.0
403,https://www.engadget.com/2009-01-29-eve-online-to-introduce-new-npc-race-with-apocrypha-expansion.html,Engadget,2009,1,29,591.0
404,https://www.engadget.com/2008-12-22-basil-the-robot-trained-for-symbolic-recognition-beer-toting.html,Engadget,2008,12,22,179.0
405,https://www.engadget.com/2008-11-25-mmogology-braindead.html,Engadget,2008,11,25,1027.0
406,https://www.engadget.com/2008-11-21-darpa-enlists-ibm-to-build-computer-brain-as-smart-as-a-cat.html,Engadget,2008,11,21,181.0
407,https://www.engadget.com/2008-11-06-army-artificial-intelligence-invade-wow.html,Engadget,2008,11,6,193.0
408,https://www.engadget.com/2008-10-19-a-closer-look-at-elbots-turing-test-conversation.html,Engadget,2008,10,19,118.0
409,https://www.engadget.com/2008-10-13-new-round-of-turing-test-fails-to-crown-a-winner.html,Engadget,2008,10,13,145.0
410,https://www.engadget.com/2008-09-26-trs-deployment-13-introduces-new-command-system.html,Engadget,2008,9,26,115.0
411,https://www.engadget.com/2008-09-20-cognition-technologies-semantic-map-paves-the-way-for-the-robot.html,Engadget,2008,9,20,116.0
412,https://www.engadget.com/2008-08-30-philosony-yea-though-i-walk-through-the-uncanny-valley.html,Engadget,2008,8,30,907.0
413,https://www.engadget.com/2008-08-19-gen-con-08-turbine-tells-us-whats-in-store-for-asherons-call.html,Engadget,2008,8,19,905.0
414,https://www.engadget.com/2008-08-19-gen-con-08-turbine-tells-us-whats-in-store-for-ac-part-2.html,Engadget,2008,8,19,833.0
415,https://www.engadget.com/2008-08-15-supercomputer-huygens-beats-go-professional-no-one-is-safe.html,Engadget,2008,8,15,148.0
416,https://www.engadget.com/2008-08-12-bungie-acceptance-video-teases-new-halo-goodies.html,Engadget,2008,8,12,136.0
417,https://www.engadget.com/2008-08-07-interview-stargate-worlds-aims-high-with-artificial-intelligenc.html,Engadget,2008,8,7,155.0
418,https://www.engadget.com/2008-08-06-bungies-not-ruling-out-working-on-other-consoles.html,Engadget,2008,8,6,194.0
419,https://www.engadget.com/2008-08-04-early-stargate-worlds-combat-video-shows-off-enemy-ai.html,Engadget,2008,8,4,126.0
420,https://www.engadget.com/2008-07-30-in-wow-and-other-games-pathfinding-is-still-kind-of-a-problem.html,Engadget,2008,7,30,303.0
421,https://www.engadget.com/2008-05-29-snomote-robots-could-autonomously-explore-antarctic.html,Engadget,2008,5,29,126.0
422,https://www.engadget.com/2008-04-30-a-day-in-the-life-of-an-age-of-conan-designer.html,Engadget,2008,4,30,168.0
423,https://www.engadget.com/2008-04-26-fruit-fly-flight-simulator-could-smarten-up-robots.html,Engadget,2008,4,26,138.0
424,https://www.engadget.com/2008-04-04-scientists-devise-software-that-can-interpret-attractiveness.html,Engadget,2008,4,4,144.0
425,https://www.engadget.com/2008-03-21-researchers-claim-to-have-developed-robotic-ai-on-par-with-a-pup.html,Engadget,2008,3,21,184.0
426,https://www.engadget.com/2008-03-11-ai-hits-second-life.html,Engadget,2008,3,11,153.0
427,https://www.engadget.com/2008-03-10-molyneux-boasts-about-his-post-fable-2-project.html,Engadget,2008,3,10,138.0
428,https://www.engadget.com/2008-02-28-professor-decries-robotic-killing-machines-clearly-prefers-to-d.html,Engadget,2008,2,28,169.0
429,https://www.engadget.com/2008-02-27-tth-video-shows-new-tr-ai-changes.html,Engadget,2008,2,27,231.0
430,https://www.engadget.com/2008-02-17-kurzweil-predicts-that-machines-will-match-man-by-2029-bring.html,Engadget,2008,2,17,115.0
431,https://www.engadget.com/2008-02-06-science-says-neurotic-ai-has-a-gaming-edge.html,Engadget,2008,2,6,166.0
432,https://www.engadget.com/2008-01-18-jumpgates-a-i-evolves.html,Engadget,2008,1,18,231.0
433,https://www.engadget.com/2008-01-03-the-daily-grind-player-vs-punk.html,Engadget,2008,1,3,168.0
434,https://www.engadget.com/2007-12-04-ai-middleware-makes-its-way-to-wii.html,Engadget,2007,12,4,172.0
435,https://www.engadget.com/2007-12-04-popular-ai-tech-throws-support-behind-wii.html,Engadget,2007,12,4,170.0
436,https://www.engadget.com/2007-12-03-intelligent-coasters-create-new-wave-of-drinking-games.html,Engadget,2007,12,3,194.0
437,https://www.engadget.com/2007-12-02-researchers-set-sights-on-uber-dexterous-robotic-hand.html,Engadget,2007,12,2,143.0
438,https://www.engadget.com/2007-11-21-lead-producer-of-jumpgate-evolution-writes-developer-journal-on.html,Engadget,2007,11,21,358.0
439,https://www.engadget.com/2007-10-15-together-ps3s-can-be-very-brainy.html,Engadget,2007,10,15,122.0
440,https://www.engadget.com/2007-09-25-sony-ericsson-w890i-to-make-good-on-w880is-shortcomings.html,Engadget,2007,9,25,140.0
441,https://www.engadget.com/2007-09-17-cognitive-code-shows-off-silvia-artificial-intelligence-platform.html,Engadget,2007,9,17,139.0
442,https://www.engadget.com/2007-09-03-biofeedback-signals-used-to-predict-gamers-moves.html,Engadget,2007,9,3,146.0
443,https://www.engadget.com/2007-07-25-humans-fend-off-ai-challenge-in-milestone-poker-match.html,Engadget,2007,7,25,149.0
444,https://www.engadget.com/2007-07-25-computer-learns-baby-talk-wont-require-a-college-fund.html,Engadget,2007,7,25,151.0
445,https://www.engadget.com/2007-07-23-texas-hold-em-champs-face-off-with-pokerfaced-computer.html,Engadget,2007,7,23,154.0
446,https://www.engadget.com/2007-07-20-canadian-ai-plays-perfect-game-of-checkers.html,Engadget,2007,7,20,124.0
447,https://www.engadget.com/2007-05-29-artificial-cerebellum-could-improve-robot-motor-skills.html,Engadget,2007,5,29,164.0
448,https://www.engadget.com/2007-04-24-guardian-pets-need-a-mind-of-their-own.html,Engadget,2007,4,24,304.0
449,https://www.engadget.com/2007-04-24-learning-coffee-machine-on-the-horizon-could-use-gps-rfid.html,Engadget,2007,4,24,204.0
450,https://www.engadget.com/2007-04-10-hacker-gets-revenge-on-puzzle-quests-bullying-ai.html,Engadget,2007,4,10,144.0
451,https://www.engadget.com/2007-04-01-puzzle-quests-ai-doesnt-cheat-but-you-can.html,Engadget,2007,4,1,284.0
452,https://www.engadget.com/2007-03-24-university-of-essex-developing-autonomous-model-car.html,Engadget,2007,3,24,136.0
453,https://www.engadget.com/2007-03-11-sxsw-arg-the-attack-of-the-alternate-reality-games.html,Engadget,2007,3,11,576.0
454,https://www.engadget.com/2007-03-07-ai-program-slammed-for-practicing-law-without-a-license.html,Engadget,2007,3,7,195.0
455,https://www.engadget.com/2007-03-05-papero-gets-blogging-software-engadget-one-step-closer-to-full.html,Engadget,2007,3,5,240.0
456,https://www.engadget.com/2007-02-18-watch-out-stanley-here-comes-junior.html,Engadget,2007,2,18,186.0
457,https://www.engadget.com/2007-02-07-sony-ericssons-walkman-w880-reviewed.html,Engadget,2007,2,7,191.0
458,https://www.engadget.com/2007-02-06-sony-ericssons-w880-ai-walkman-musicphone-unleashed.html,Engadget,2007,2,6,179.0
459,https://www.engadget.com/2007-02-01-sony-ericssons-w880-ai-launching-next-week.html,Engadget,2007,2,1,127.0
460,https://www.engadget.com/2007-01-22-sony-ericsson-w880i-ai-gets-fcc-blessing.html,Engadget,2007,1,22,126.0
461,https://www.engadget.com/2007-01-08-sony-ericsson-teases-us-with-w880-ai-shots.html,Engadget,2007,1,8,109.0
462,https://www.engadget.com/2007-01-07-smore-sony-ericsson-w880i-eye-candy-specs.html,Engadget,2007,1,7,150.0
463,https://www.engadget.com/2006-12-14-sony-ericsson-ai-pictures-the-non-fuzzy-edition.html,Engadget,2006,12,14,116.0
464,https://www.engadget.com/2006-12-05-sony-ericsson-rumors-aplenty.html,Engadget,2006,12,5,244.0
465,https://www.engadget.com/2006-11-22-sony-ericsson-ai-pics-looks-like-a-cardboard-box-to-us.html,Engadget,2006,11,22,99.0
466,https://www.engadget.com/2006-11-17-sony-ericsson-thinking-thin-for-next-years-ai-candybar.html,Engadget,2006,11,17,151.0
467,https://www.engadget.com/2006-11-01-artificial-aid-annoys-user-to-counteract-short-term-memory-loss.html,Engadget,2006,11,1,202.0
468,https://www.engadget.com/2006-10-12-accenture-technology-finalizing-persuasive-mirror-behavior-moni.html,Engadget,2006,10,12,256.0
469,https://www.engadget.com/2006-10-04-assassins-creeds-brains-exclusive-to-360.html,Engadget,2006,10,4,207.0
470,https://www.engadget.com/2006-10-04-virtual-newscaster-hosts-news-at-seven.html,Engadget,2006,10,4,189.0
471,https://www.engadget.com/2006-09-29-assassins-creed-360-has-superior-ai-says-ubisoft-producer.html,Engadget,2006,9,29,212.0
472,https://www.engadget.com/2006-09-06-stand-alone-ai-card-is-it-viable.html,Engadget,2006,9,6,195.0
473,https://www.engadget.com/2006-09-06-aiseeks-intia-processor-provides-dedicated-ai-crunching.html,Engadget,2006,9,6,225.0
474,https://www.engadget.com/2006-09-01-computer-program-can-beat-people-at-crosswords.html,Engadget,2006,9,1,237.0
475,https://www.engadget.com/2006-08-16-robots-develop-more-teamwork-skills-humans-still-unwitting-cons.html,Engadget,2006,8,16,111.0
476,https://www.engadget.com/2006-08-03-researchers-create-virtual-bots-that-teach-each-other.html,Engadget,2006,8,3,152.0
477,https://www.engadget.com/2006-07-20-professor-says-some-jobs-shold-be-left-to-computers.html,Engadget,2006,7,20,132.0
478,https://www.engadget.com/2006-06-23-sony-teaching-aibo-scary-new-tricks.html,Engadget,2006,6,23,217.0
479,https://www.engadget.com/2006-06-15-researchers-teach-computers-to-turn-2d-images-into-3d.html,Engadget,2006,6,15,159.0
480,https://www.engadget.com/2006-05-27-airbus-turns-to-robots-for-in-flight-emergencies.html,Engadget,2006,5,27,171.0
481,https://www.engadget.com/2006-04-27-shrug-detecting-software-recognizes-your-disinterest.html,Engadget,2006,4,27,150.0
482,https://www.engadget.com/2006-04-02-south-korea-wants-100-robot-market-penetration-by-2020.html,Engadget,2006,4,2,116.0
483,https://www.engadget.com/2006-01-03-next-gen-games-need-nextgen-ai.html,Engadget,2006,1,3,179.0
484,https://gizmodo.com/robotic-critters-make-excellent-rescue-dogs-1750100247,Gizmodo,2015,12,29,313.0
485,https://gizmodo.com/why-nominating-ai-alarmists-for-this-years-luddite-aw-1749278661,Gizmodo,2015,12,22,1106.0
486,https://gizmodo.com/the-10-scariest-weirdest-coolest-robots-of-2015-1748213546,Gizmodo,2015,12,21,1007.0
487,https://gizmodo.com/engineers-are-teaching-your-smartphone-to-think-like-an-1749040590,Gizmodo,2015,12,21,318.0
488,https://gizmodo.com/the-most-futuristic-predictions-that-came-true-in-2015-1748316739,Gizmodo,2015,12,17,2022.0
489,https://gizmodo.com/musks-plan-to-save-the-world-from-dangerous-ai-develop-1747645289,Gizmodo,2015,12,12,409.0
490,https://gizmodo.com/this-soccer-ball-sized-flying-robot-hovers-around-town-1747421401,Gizmodo,2015,12,11,217.0
491,https://gizmodo.com/a-new-ai-system-passed-a-visual-turing-test-1747500554,Gizmodo,2015,12,11,559.0
492,https://gizmodo.com/creepy-beautiful-helpful-badass-here-come-futuristi-1746645442,Gizmodo,2015,12,8,657.0
493,https://gizmodo.com/this-neural-net-describes-the-city-it-sees-in-real-time-1744590063,Gizmodo,2015,11,25,204.0
494,https://gizmodo.com/the-promise-and-perils-of-predictive-policing-based-on-1742958281,Gizmodo,2015,11,17,1181.0
495,https://gizmodo.com/an-ai-program-in-japan-just-passed-a-college-entrance-e-1742758286,Gizmodo,2015,11,16,312.0
496,https://gizmodo.com/your-poker-face-doesnt-stand-a-chance-against-this-bs-b-1742406032,Gizmodo,2015,11,13,341.0
497,https://gizmodo.com/how-can-robots-be-better-learners-program-them-to-thin-1742138712,Gizmodo,2015,11,12,361.0
498,https://gizmodo.com/pinterest-now-has-visual-search-and-its-kinda-smart-1741401632,Gizmodo,2015,11,9,208.0
499,https://gizmodo.com/bank-of-america-wants-to-use-robots-to-manage-your-mone-1741051487,Gizmodo,2015,11,6,243.0
500,https://gizmodo.com/bosch-has-a-pedestrian-avoidance-system-it-wants-to-put-1739356453,Gizmodo,2015,10,29,414.0
501,https://gizmodo.com/this-artificial-neural-network-will-tell-you-if-your-se-1739173338,Gizmodo,2015,10,28,399.0
502,https://gizmodo.com/experts-warn-un-panel-about-the-dangers-of-artificial-s-1736932856,Gizmodo,2015,10,16,628.0
503,https://gizmodo.com/it-took-this-robot-10-days-to-learn-how-to-grasp-object-1735598957,Gizmodo,2015,10,9,497.0
504,https://gizmodo.com/this-neural-networks-hilariously-bad-image-descriptions-1730844528,Gizmodo,2015,9,16,739.0
505,https://gizmodo.com/robots-might-soon-be-writing-choose-your-own-adventure-1728547011,Gizmodo,2015,9,3,412.0
506,https://gizmodo.com/ibms-watson-could-hold-the-key-to-fighting-beijings-bru-1727760152,Gizmodo,2015,8,31,321.0
507,https://gizmodo.com/when-robots-get-wasted-1727210193,Gizmodo,2015,8,28,353.0
508,https://gizmodo.com/this-robot-reads-wikihow-guides-to-make-breakfast-1726443555,Gizmodo,2015,8,25,415.0
509,https://gizmodo.com/this-neural-network-is-hilariously-bad-at-describing-ou-1725195868,Gizmodo,2015,8,19,382.0
510,https://gizmodo.com/software-that-learns-to-drift-could-teach-autonomous-ca-1724542736,Gizmodo,2015,8,17,271.0
511,https://gizmodo.com/computer-programs-can-be-as-biased-as-humans-1724436758,Gizmodo,2015,8,16,423.0
512,https://gizmodo.com/how-we-won-the-world-robot-soccer-championship-1722419012,Gizmodo,2015,8,6,861.0
513,https://gizmodo.com/obamas-plan-to-make-the-worlds-fastest-supercomputer-1721143707,Gizmodo,2015,7,30,351.0
514,https://gizmodo.com/why-we-should-welcome-killer-robots-not-ban-them-1721019249,Gizmodo,2015,7,30,859.0
515,https://gizmodo.com/a-beautiful-visual-explainer-will-help-you-understand-m-1720540816,Gizmodo,2015,7,28,111.0
516,https://gizmodo.com/elon-musk-and-stephen-hawking-call-for-ban-on-autonomou-1720383277,Gizmodo,2015,7,27,721.0
517,https://gizmodo.com/skype-translator-likes-to-swear-in-chinese-1719685430,Gizmodo,2015,7,23,175.0
518,https://gizmodo.com/someone-finally-turned-googles-deepdream-code-into-a-si-1719461004,Gizmodo,2015,7,22,195.0
519,https://gizmodo.com/linux-creator-linus-torvalds-laughs-at-the-ai-apocalyps-1716383135,Gizmodo,2015,7,7,387.0
520,https://gizmodo.com/can-you-fool-this-nudity-spotting-algorithm-1714858092,Gizmodo,2015,6,30,363.0
521,https://gizmodo.com/robotic-emotions-could-help-us-out-of-the-uncanny-valle-1712481134,Gizmodo,2015,6,19,800.0
522,https://gizmodo.com/watch-this-software-learn-to-play-super-mario-world-bet-1711381189,Gizmodo,2015,6,15,252.0
523,https://gizmodo.com/recent-reports-make-machine-learning-sound-like-a-sport-1710817817,Gizmodo,2015,6,12,1129.0
524,https://gizmodo.com/this-robot-learns-new-tasks-by-doing-them-like-a-human-1706567578,Gizmodo,2015,5,24,627.0
525,https://gizmodo.com/wolframs-new-ai-will-try-to-identify-any-image-you-give-1704400661,Gizmodo,2015,5,14,271.0
526,https://gizmodo.com/mit-is-developing-an-ai-cancer-diagnosis-system-1699916919,Gizmodo,2015,4,24,268.0
527,https://gizmodo.com/your-tesla-is-about-to-become-autonomous-1692941193,Gizmodo,2015,3,22,404.0
528,https://gizmodo.com/a-i-might-kill-us-through-incompetence-not-malevolenc-1687634532,Gizmodo,2015,2,24,304.0
529,https://gizmodo.com/what-do-you-think-will-be-the-doom-of-civilization-1686816143,Gizmodo,2015,2,19,232.0
530,https://gizmodo.com/ankis-incredible-self-driving-toy-cars-just-got-even-co-1684877156,Gizmodo,2015,2,10,452.0
531,https://gizmodo.com/the-ai-revolution-how-far-away-are-our-robot-overlords-1684199433,Gizmodo,2015,2,9,7101.0
532,https://gizmodo.com/when-superintelligent-ai-arrives-will-religions-try-t-1682837922,Gizmodo,2015,2,4,1581.0
533,https://gizmodo.com/how-ai-could-ruin-humanity-according-to-smart-humans-1679025876,Gizmodo,2015,1,12,962.0
534,https://gizmodo.com/can-you-beat-this-virtually-unbeatable-poker-algorithm-1678366320,Gizmodo,2015,1,8,306.0
535,https://gizmodo.com/how-do-robots-learn-to-cook-youtube-obviously-1677357241,Gizmodo,2015,1,4,261.0
536,https://gizmodo.com/netflix-style-booze-recommendation-works-surprisingly-w-1663819670,Gizmodo,2014,11,28,1453.0
537,https://gizmodo.com/artificial-intelligence-designed-these-magic-tricks-1659658162,Gizmodo,2014,11,17,220.0
538,https://gizmodo.com/darpa-funded-researchers-have-tested-a-drone-that-can-l-1654444124,Gizmodo,2014,11,4,308.0
539,https://gizmodo.com/top-engineer-and-futurist-tomorrows-robots-might-mercy-1628918108,Gizmodo,2014,8,30,312.0
540,https://gizmodo.com/the-creators-of-siri-are-building-a-new-ai-that-program-1620083579,Gizmodo,2014,8,12,416.0
541,https://gizmodo.com/job-applicants-admit-more-to-a-computer-avatar-says-u-1611353873,Gizmodo,2014,7,26,277.0
542,https://gizmodo.com/bee-inspired-bots-skitter-and-swarm-at-nycs-museum-of-m-1606644166,Gizmodo,2014,7,19,597.0
543,https://gizmodo.com/the-worlds-first-family-robot-could-be-like-hal-in-your-1605482309,Gizmodo,2014,7,16,557.0
544,https://gizmodo.com/the-worlds-best-subway-system-is-powered-by-an-advanced-1601103048,Gizmodo,2014,7,7,183.0
545,https://gizmodo.com/this-is-the-first-computer-in-history-to-have-passed-th-1587780232,Gizmodo,2014,6,8,270.0
546,https://gizmodo.com/a-wall-mounted-computer-chess-game-is-playable-art-1576219338,Gizmodo,2014,5,14,130.0
547,https://gizmodo.com/creepy-robot-takes-the-form-of-your-friends-knows-what-1553727801,Gizmodo,2014,3,28,245.0
548,https://gizmodo.com/boten-anna-the-spam-killer-1544811329,Gizmodo,2014,3,15,104.0
549,https://gizmodo.com/her-tech-support-troubleshooting-your-ai-girlfriend-1507275049,Gizmodo,2014,1,23,81.0
550,https://gizmodo.com/this-amazing-image-algorithm-learns-to-spot-objects-wit-1502512344,Gizmodo,2014,1,16,170.0
551,https://gizmodo.com/gah-theyve-taught-drones-how-to-weave-giant-spider-we-1456796988,Gizmodo,2013,11,1,115.0
552,https://gizmodo.com/this-ibm-scientist-predicted-netflix-before-the-interne-1440206180,Gizmodo,2013,10,2,491.0
553,https://gizmodo.com/just-how-smart-is-artificial-intelligence-1425757074,Gizmodo,2013,9,30,86.0
554,https://gizmodo.com/carrot-wakes-you-up-with-empty-threats-and-some-real-1236480139,Gizmodo,2013,9,1,181.0
555,https://gizmodo.com/how-machines-think-1132919152,Gizmodo,2013,8,14,80.0
556,https://gizmodo.com/one-of-the-worlds-best-a-i-computers-is-as-smart-as-a-791902984,Gizmodo,2013,7,15,433.0
557,https://gizmodo.com/the-rise-of-artificial-intelligence-is-absolutely-fasci-751390176,Gizmodo,2013,7,12,253.0
558,https://gizmodo.com/ibms-watson-has-a-boring-new-job-answering-phones-509034580,Gizmodo,2013,5,21,201.0
559,https://gizmodo.com/the-most-realistic-virtual-human-ever-is-a-fully-expres-5991365,Gizmodo,2013,3,19,336.0
560,https://gizmodo.com/meet-the-twitter-bot-that-can-answer-all-your-questions-5989662,Gizmodo,2013,3,9,221.0
561,https://gizmodo.com/supercomputer-dr-watson-is-now-seeing-patients-5983010,Gizmodo,2013,2,9,282.0
562,https://gizmodo.com/the-smartest-computer-in-the-world-also-has-the-dirties-5974982,Gizmodo,2013,1,11,248.0
563,https://gizmodo.com/the-most-realistic-artificial-brain-has-a-mind-of-its-o-5964684,Gizmodo,2012,11,30,275.0
564,https://gizmodo.com/watch-this-adorable-horde-of-intelligent-swarm-robots-p-5963137,Gizmodo,2012,11,26,186.0
565,https://gizmodo.com/sketch-scanning-software-can-decipher-your-crappy-drawi-5943269,Gizmodo,2012,9,14,388.0
566,https://gizmodo.com/what-its-like-to-judge-the-turing-test-5921698,Gizmodo,2012,6,27,932.0
567,https://gizmodo.com/hallucinating-robots-make-the-best-interior-designers-5920860,Gizmodo,2012,6,24,318.0
568,https://gizmodo.com/the-best-chatbot-in-the-world-is-still-awful-updated-5910812,Gizmodo,2012,5,16,313.0
569,https://gizmodo.com/someday-siri-will-be-this-smart-and-good-looking-5902730,Gizmodo,2012,4,17,134.0
570,https://gizmodo.com/heres-how-robots-will-save-our-lives-in-the-future-5902085,Gizmodo,2012,4,15,247.0
571,https://gizmodo.com/our-robot-overlords-will-have-baby-brains-5892980,Gizmodo,2012,3,13,244.0
572,https://gizmodo.com/this-computer-program-is-smarter-than-96-percent-of-hum-5885904,Gizmodo,2012,2,17,328.0
573,https://gizmodo.com/wolfram-alpha-pro-arrives-tomorrow-with-the-power-to-an-5882969,Gizmodo,2012,2,7,255.0
574,https://gizmodo.com/heads-up-display-contact-lenses-are-one-step-closer-aft-5861749,Gizmodo,2011,11,22,312.0
575,https://gizmodo.com/wall-e-like-farming-robots-could-replace-undocumented-w-5859335,Gizmodo,2011,11,14,536.0
576,https://gizmodo.com/two-chatbots-face-off-to-discuss-god-unicorns-and-expe-5835312,Gizmodo,2011,8,29,205.0
577,https://gizmodo.com/artificial-intelligence-created-using-human-dna-5825564,Gizmodo,2011,7,28,197.0
578,https://gizmodo.com/how-to-give-robot-vacuums-a-personality-and-why-it-mat-5815879,Gizmodo,2011,6,27,804.0
579,https://gizmodo.com/ai-programs-do-battle-in-ms-pac-man-5809406,Gizmodo,2011,6,7,331.0
580,https://gizmodo.com/give-1-to-stop-terminators-seriously-5787599,Gizmodo,2011,3,31,381.0
581,https://gizmodo.com/ibm-patents-hal-like-computer-system-for-stuffed-animal-5777888,Gizmodo,2011,3,7,191.0
582,https://gizmodo.com/the-difference-between-watson-and-wolfram-alpha-5766124,Gizmodo,2011,2,21,165.0
583,https://gizmodo.com/ken-jennings-was-the-bad-guy-on-watsons-home-turf-5763098,Gizmodo,2011,2,17,41.0
584,https://gizmodo.com/hrp-2-robot-turns-obstacles-into-tools-5718406,Gizmodo,2010,12,26,112.0
585,https://gizmodo.com/the-history-of-the-uncanny-valley-5680409,Gizmodo,2010,11,3,1736.0
586,https://gizmodo.com/can-a-machine-beat-a-human-at-starcraft-5679355,Gizmodo,2010,11,2,1141.0
587,https://gizmodo.com/most-days-i-feel-like-this-paypal-automated-support-bot-5638735,Gizmodo,2010,9,15,16.0
588,https://gizmodo.com/ray-kurzweil-does-not-understand-the-brain-5614927,Gizmodo,2010,8,17,1225.0
589,https://gizmodo.com/reverse-engineering-of-human-brain-likely-by-2020-5614170,Gizmodo,2010,8,17,582.0
590,https://gizmodo.com/freakish-spermbot-could-be-the-future-of-japanese-commu-5601694,Gizmodo,2010,8,1,144.0
591,https://gizmodo.com/artificially-intelligent-computers-will-listen-and-reac-5573880,Gizmodo,2010,6,28,335.0
592,https://gizmodo.com/singularity-university-where-you-major-in-immortality-5562769,Gizmodo,2010,6,14,234.0
593,https://gizmodo.com/a-more-intelligent-artificial-intelligence-5506716,Gizmodo,2010,4,1,364.0
594,https://gizmodo.com/robot-journalist-advancements-including-interviewing-an-5499553,Gizmodo,2010,3,23,214.0
595,https://gizmodo.com/the-pentagons-artificial-intelligence-camera-will-narra-5496676,Gizmodo,2010,3,18,238.0
596,https://gizmodo.com/emily-howell-the-composer-who-obviates-inspiration-5480272,Gizmodo,2010,2,25,190.0
597,https://gizmodo.com/mit-flyfire-robot-swarm-concept-could-create-3d-led-dis-5476664,Gizmodo,2010,2,21,146.0
598,https://gizmodo.com/apidis-automated-film-crew-could-produce-the-perfect-sp-5476617,Gizmodo,2010,2,21,274.0
599,https://gizmodo.com/mit-plans-to-rebuild-artificial-intelligence-from-the-g-5421106,Gizmodo,2009,12,8,457.0
600,https://gizmodo.com/rat-brain-simulator-calls-ibms-cat-brain-simulation-bog-5411328,Gizmodo,2009,11,23,88.0
601,https://gizmodo.com/it-takes-147-456-powerpc-processors-to-out-think-a-sing-5407562,Gizmodo,2009,11,18,301.0
602,https://gizmodo.com/how-much-power-does-it-take-to-simulate-the-human-brain-5400530,Gizmodo,2009,11,9,396.0
603,https://gizmodo.com/asimo-autonomously-navigates-moving-obstacle-course-rig-5343639,Gizmodo,2009,8,23,117.0
604,https://gizmodo.com/toyota-humanoid-robot-gives-asimo-a-run-for-its-money-5328227,Gizmodo,2009,8,2,130.0
605,https://gizmodo.com/specter-of-deadly-a-i-looms-in-wake-of-invite-only-asi-5323130,Gizmodo,2009,7,26,393.0
606,https://gizmodo.com/why-the-terminator-uprising-probably-wont-ever-happen-5264826,Gizmodo,2009,5,21,533.0
607,https://hackaday.com/2015/12/01/a-short-history-of-ai-and-why-its-heading-in-the-wrong-direction/,Hackaday,2015,12,1,1495.0
608,https://hackaday.com/2015/11/09/who-is-responsible-when-machines-kill/,Hackaday,2015,11,9,1226.0
609,https://hackaday.com/2015/11/05/gmail-one-step-closer-to-human-enslavement/,Hackaday,2015,11,5,360.0
610,https://hackaday.com/2015/08/17/the-machine-that-japed-microsofts-humor-emulating-ai/,Hackaday,2015,8,17,410.0
611,https://hackaday.com/2014/11/17/ask-hackaday-not-your-mothers-feedback/,Hackaday,2014,11,17,980.0
612,https://hackaday.com/2014/11/07/echo-the-first-useful-home-computer-intelligence/,Hackaday,2014,11,7,380.0
613,https://hackaday.com/2014/10/27/ask-hackaday-sequences-of-sequences/,Hackaday,2014,10,27,1072.0
614,https://hackaday.com/2014/10/15/ask-hackaday-what-are-invariant-representations/,Hackaday,2014,10,15,696.0
615,https://hackaday.com/2014/06/09/ask-hackaday-program-passes-turing-test-but-is-it-intelligent/,Hackaday,2014,6,9,416.0
616,https://hackaday.com/2014/05/19/pokemon-artificial-intelligence-is-smarter-than-you/,Hackaday,2014,5,19,453.0
617,https://hackaday.com/2014/05/06/the-neurogrid-what-it-is-and-what-it-is-not/,Hackaday,2014,5,6,378.0
618,https://hackaday.com/2014/04/22/self-learning-helicopter-uses-neural-network/,Hackaday,2014,4,22,470.0
619,https://hackaday.com/2014/03/17/hacking-sci-fi-contest-team-requirement/,Hackaday,2014,3,17,204.0
620,https://hackaday.com/2014/02/25/robot-foosball-will-kick-your-butt-if-you-play-slowly/,Hackaday,2014,2,25,209.0
621,https://hackaday.com/2014/01/28/a-deep-dive-into-nes-tetris/,Hackaday,2014,1,28,210.0
622,https://hackaday.com/2012/07/11/teaching-a-computer-to-learn/,Hackaday,2012,7,11,274.0
623,https://hackaday.com/2012/02/20/robot-overlords-require-chores-in-return-for-technological-access/,Hackaday,2012,2,20,243.0
624,https://hackaday.com/2011/09/05/want-to-learn-artificial-intelligence-good/,Hackaday,2011,9,5,205.0
625,https://hackaday.com/2010/11/05/ai-via-super-mario-evolution/,Hackaday,2010,11,5,124.0
626,https://spectrum.ieee.org/machinelearning-maestro-michael-jordan-on-the-delusions-of-big-data-and-other-huge-engineering-efforts,IEEE Spectrum,2014,10,20,4393.0
627,https://spectrum.ieee.org/ais-have-mastered-chess-will-go-be-next,IEEE Spectrum,2014,6,25,2489.0
628,https://techcrunch.com/2015/12/26/augmented-reality-will-make-us-smarter/,TechCrunch,2015,12,26,
629,https://techcrunch.com/2015/12/12/lifelike-adverts/,TechCrunch,2015,12,12,
630,https://techcrunch.com/2014/01/08/the-fin-is-a-bluetooth-ring-that-turns-your-hand-into-the-interface/,TechCrunch,2014,1,8,
631,https://www.wired.com/story/algorithm-that-can-dress-you-thread/,Wired,2015,12,31,298.0
632,https://www.wired.com/story/2016-predictions-technology-trends/,Wired,2015,12,29,932.0
633,https://www.wired.com/2015/12/elon-musks-billion-dollar-ai-plan-is-about-far-more-than-saving-the-world/,Wired,2015,12,15,1794.0
634,https://www.wired.com/2015/12/elon-musk-snags-top-google-researcher-for-new-ai-non-profit/,Wired,2015,12,11,452.0
635,https://www.wired.com/2015/12/facebook-open-source-ai-big-sur/,Wired,2015,12,10,1123.0
636,https://www.wired.com/2015/12/google-and-facebook-race-to-solve-the-ancient-game-of-go/,Wired,2015,12,7,1428.0
637,https://www.wired.com/2015/12/youre-probably-not-rich-enough-to-opt-out-of-the-internet/,Wired,2015,12,4,772.0
638,https://www.wired.com/2015/12/wikipedia-is-using-ai-to-expand-the-ranks-of-human-editors/,Wired,2015,12,1,928.0
639,https://www.wired.com/2015/11/google-open-sourcing-tensorflow-shows-ais-future-is-data-not-code/,Wired,2015,11,16,957.0
640,https://www.wired.com/2015/11/tensorflow-alone-will-not-revolutionize-ai/,Wired,2015,11,13,1171.0
641,https://www.wired.com/story/artificial-neurons-human-language/,Wired,2015,11,13,351.0
642,https://www.wired.com/story/facebook-m-messenger-doubt-artificial-intelligence-blog/,Wired,2015,11,10,612.0
643,https://www.wired.com/2015/11/googles-open-source-ai-tensorflow-signals-fast-changing-hardware-world/,Wired,2015,11,10,1337.0
644,https://www.wired.com/2015/11/google-open-sources-its-artificial-intelligence-engine/,Wired,2015,11,9,1992.0
645,https://www.wired.com/story/artificial-intelligence-rap-generator/,Wired,2015,11,6,346.0
646,https://www.wired.com/story/martin-ford-and-learning-robots/,Wired,2015,11,4,710.0
647,https://www.wired.com/2015/11/augury-lets-machines-hear-when-theyre-about-to-break-down/,Wired,2015,11,4,716.0
648,https://www.wired.com/2015/11/facebook-is-aiming-its-ai-at-go-the-game-no-computer-can-crack/,Wired,2015,11,3,1475.0
649,https://www.wired.com/story/drone-autonomous-fly-trees-mit/,Wired,2015,11,3,339.0
650,https://www.wired.com/2015/10/if-we-want-humane-ai-it-has-to-understand-all-humans/,Wired,2015,10,30,962.0
651,https://www.wired.com/story/ai-can-tell-a-good-selfie-from-bad/,Wired,2015,10,30,254.0
652,https://www.wired.com/2015/10/ibm-is-about-to-become-the-best-weather-forecaster-of-all-time/,Wired,2015,10,28,808.0
653,https://www.wired.com/2015/10/robot-radiologists-are-going-to-start-analyzing-x-rays/,Wired,2015,10,27,447.0
654,https://www.wired.com/2015/10/facebook-artificial-intelligence-describes-photo-captions-for-blind-people/,Wired,2015,10,27,1115.0
655,https://www.wired.com/2015/10/intel-is-building-artificial-smarts-right-into-its-chips/,Wired,2015,10,26,255.0
656,https://www.wired.com/story/wired-world-2016-ben-hammersley/,Wired,2015,10,21,574.0
657,https://www.wired.com/story/wired-world-2016-alain-de-botton-artificial-emotional-intelligence/,Wired,2015,10,21,1497.0
658,https://www.wired.com/story/pop-dancing-robot/,Wired,2015,10,21,157.0
659,https://www.wired.com/story/wordsmith-robot-journalist-download/,Wired,2015,10,20,358.0
660,https://www.wired.com/2015/10/this-news-writing-bot-is-now-free-for-everyone/,Wired,2015,10,20,378.0
661,https://www.wired.com/2015/10/yelp-is-teaching-its-computers-to-see-places-at-their-best/,Wired,2015,10,19,1110.0
662,https://www.wired.com/story/antoine-blondeau-artificial-intelligence-wired-2015/,Wired,2015,10,16,722.0
663,https://www.wired.com/story/antoine-blondeau-artificial-intelligence-apple-siri/,Wired,2015,10,1,920.0
664,https://www.wired.com/story/robot-modelled-on-flea-inchworm-origami/,Wired,2015,9,28,391.0
665,https://www.wired.com/story/what-if-a-robot-wins-the-booker/,Wired,2015,9,21,636.0
666,https://www.wired.com/story/campaign-against-sex-robots/,Wired,2015,9,15,587.0
667,https://www.wired.com/2015/09/amy-ingram-ai-thats-not-artificial/,Wired,2015,9,15,64.0
668,https://www.wired.com/2015/08/stanford-artificial-intelligence-laboratorys-outreach-summer-program/,Wired,2015,8,31,1667.0
669,https://www.wired.com/story/robot-chef-makes-pancakes/,Wired,2015,8,28,356.0
670,https://www.wired.com/2015/08/how-facebook-m-works/,Wired,2015,8,26,1532.0
671,https://www.wired.com/2015/08/robots-will-steal-jobs-theyll-give-us-new-ones/,Wired,2015,8,24,1037.0
672,https://www.wired.com/story/uncanny-valley-robot-videos/,Wired,2015,8,14,581.0
673,https://www.wired.com/story/mass-extinction-creates-excellent-evolution/,Wired,2015,8,13,521.0
674,https://www.wired.com/2015/08/ibms-watson-ai-wants-coach-fantasy-football-team/,Wired,2015,8,12,958.0
675,https://www.wired.com/2015/08/voice-powered-app-lawyers-can-ask-legal-help/,Wired,2015,8,7,754.0
676,https://www.wired.com/2015/08/toy-dinosaur-uses-ibms-watson-brain/,Wired,2015,8,5,489.0
677,https://www.wired.com/2015/07/blockspring/,Wired,2015,7,29,949.0
678,https://www.wired.com/2015/07/guy-taught-ai-remember-launching-startup/,Wired,2015,7,28,1079.0
679,https://www.wired.com/2015/07/plenty-people-signed-ai-weapons-letter/,Wired,2015,7,27,243.0
680,https://www.wired.com/story/musk-hawking-ai-arms-race/,Wired,2015,7,27,658.0
681,https://www.wired.com/story/computers-singing-pop-hits/,Wired,2015,7,24,139.0
682,https://www.wired.com/story/robocup-robot-football-world-cup-2015/,Wired,2015,7,23,183.0
683,https://www.wired.com/2015/07/weeding-online-bullying-tough-let-machines/,Wired,2015,7,10,1125.0
684,https://www.wired.com/2015/07/twitters-new-ai-recognizes-porn-dont/,Wired,2015,7,8,1233.0
685,https://www.wired.com/story/google-deep-dream-video-fear-and-loathing/,Wired,2015,7,7,314.0
686,https://www.wired.com/story/google-deep-dream/,Wired,2015,7,3,111.0
687,https://www.wired.com/2015/07/trained-googles-chatbot-mein-kampf/,Wired,2015,7,2,565.0
688,https://www.wired.com/story/microsoft-research-funny-ai/,Wired,2015,6,30,430.0
689,https://www.wired.com/2015/06/chat-services-replace-friends/,Wired,2015,6,29,1809.0
690,https://www.wired.com/2015/06/google-made-chatbot-debates-meaning-life/,Wired,2015,6,26,815.0
691,https://www.wired.com/story/deepmind/,Wired,2015,6,22,4510.0
692,https://www.wired.com/2015/06/facebook-googles-fake-brains-spawn-new-visual-reality/,Wired,2015,6,19,940.0
693,https://www.wired.com/2015/06/rise-robots-far-will-go/,Wired,2015,6,15,370.0
694,https://www.wired.com/2015/06/facebooks-ai-tool-squashing-bugs-now-open/,Wired,2015,6,11,537.0
695,https://www.wired.com/story/ocado-secondhands-collaborative-robot/,Wired,2015,6,10,906.0
696,https://www.wired.com/2015/06/startup-shares-google-knowledge-graph-clone-everyone/,Wired,2015,6,4,874.0
697,https://www.wired.com/2015/06/facebook-opens-paris-lab-ai-research-goes-global/,Wired,2015,6,2,405.0
698,https://www.wired.com/2015/06/little-robot-wants-best-friend/,Wired,2015,6,1,708.0
699,https://www.wired.com/2015/05/gradberry-tara-ai/,Wired,2015,5,27,844.0
700,https://www.wired.com/2015/05/artificial-intelligence-pioneer-concerns/,Wired,2015,5,23,2702.0
701,https://www.wired.com/2015/05/nara-logics-ai/,Wired,2015,5,22,981.0
702,https://www.wired.com/2015/05/humans-play-ai-texas-hold-em-now/,Wired,2015,5,21,1436.0
703,https://www.wired.com/story/wolfram-image-identification-project/,Wired,2015,5,14,516.0
704,https://www.wired.com/story/nigel-shadbolt-on-the-inevitable-robot-uprising/,Wired,2015,5,8,733.0
705,https://www.wired.com/2015/05/cant-find-good-stuff-periscope-maybe-ai-can-help/,Wired,2015,5,5,571.0
706,https://www.wired.com/story/the-big-question-ai-advances/,Wired,2015,5,5,497.0
707,https://www.wired.com/2015/04/mashing-human-smarts-ai-unlock-computer-vision/,Wired,2015,4,29,734.0
708,https://www.wired.com/2015/04/computers-can-now-tell-feel-face/,Wired,2015,4,22,1089.0
709,https://www.wired.com/2015/04/jeff-dean/,Wired,2015,4,21,758.0
710,https://www.wired.com/2015/04/kasisto-and-moneystream/,Wired,2015,4,15,1203.0
711,https://www.wired.com/2015/04/ex-machina-turing-bechdel-test/,Wired,2015,4,9,1915.0
712,https://www.wired.com/story/google-robot-personalities/,Wired,2015,4,1,588.0
713,https://www.wired.com/2015/03/orbital-insight/,Wired,2015,3,16,612.0
714,https://www.wired.com/2015/03/future-news-robots-writing-audiences-one/,Wired,2015,3,6,689.0
715,https://www.wired.com/2015/02/google-ai-plays-atari-like-pros/,Wired,2015,2,25,658.0
716,https://www.wired.com/2015/02/luka/,Wired,2015,2,23,733.0
717,https://www.wired.com/2015/02/luminoso/,Wired,2015,2,12,386.0
718,https://www.wired.com/story/robot-propaganda/,Wired,2015,2,5,874.0
719,https://www.wired.com/2015/01/kimera-systems/,Wired,2015,1,26,999.0
720,https://www.wired.com/2015/01/persado/,Wired,2015,1,22,588.0
721,https://www.wired.com/2015/01/karpathy/,Wired,2015,1,21,791.0
722,https://www.wired.com/2015/01/facebook-open-sources-trove-ai-tools/,Wired,2015,1,16,447.0
723,https://www.wired.com/2015/01/ai-arrived-really-worries-worlds-brightest-minds/,Wired,2015,1,16,1067.0
724,https://www.wired.com/2015/01/elon-musk-ai-safety/,Wired,2015,1,15,336.0
725,https://www.wired.com/story/computers-digital-footprints-judge-better/,Wired,2015,1,12,557.0
726,https://www.wired.com/2015/01/virtual-email-assistant/,Wired,2015,1,12,721.0
727,https://www.wired.com/2015/01/dato-machine-learning/,Wired,2015,1,8,506.0
728,https://www.wired.com/story/simple-pictures-ai/,Wired,2015,1,6,1470.0
729,https://www.wired.com/story/artificial-intelligence-1/,Wired,2014,12,3,525.0
730,https://www.wired.com/2014/12/googlers-quest-teach-machines-understand-emotions/,Wired,2014,12,2,1439.0
731,https://www.wired.com/story/your-job-automated/,Wired,2014,11,30,3292.0
732,https://www.wired.com/2014/11/algorithms-great-can-also-ruin-lives/,Wired,2014,11,19,1115.0
733,https://www.wired.com/2014/11/ai-magic/,Wired,2014,11,18,488.0
734,https://www.wired.com/story/magic-tricks-artificial-intelligence/,Wired,2014,11,17,397.0
735,https://www.wired.com/story/which-movie-ai-are-you/,Wired,2014,11,3,244.0
736,https://www.wired.com/story/ai-from-russia-with-love/,Wired,2014,11,3,192.0
737,https://www.wired.com/2014/08/robobrain/,Wired,2014,8,25,1194.0
738,https://www.wired.com/2014/08/deep-learning-yann-lecun/,Wired,2014,8,14,2018.0
739,https://www.wired.com/2014/08/ibm-unveils-a-brain-like-chip-with-4000-processor-cores/,Wired,2014,8,7,1452.0
740,https://www.wired.com/2014/07/jobs-dreamed/,Wired,2014,7,25,597.0
741,https://www.wired.com/story/how-real-are-extants-robots/,Wired,2014,7,18,1372.0
742,https://www.wired.com/2014/07/microsoft-adam/,Wired,2014,7,14,1390.0
743,https://www.wired.com/2014/07/cadieu/,Wired,2014,7,3,729.0
744,https://www.wired.com/2014/06/curalate/,Wired,2014,6,23,1066.0
745,https://www.wired.com/2014/06/beyond-the-turing-test/,Wired,2014,6,12,942.0
746,https://www.wired.com/2014/06/the-future-of-computer-intelligence-is-everything-but-artificial/,Wired,2014,6,11,1008.0
747,https://www.wired.com/2014/06/trust-robots-2/,Wired,2014,6,10,1032.0
748,https://www.wired.com/2014/06/turing-test-not-so-fast/,Wired,2014,6,9,889.0
749,https://www.wired.com/2014/06/ai-healthcare/,Wired,2014,6,2,1583.0
750,https://www.wired.com/story/singularity-on-screen/,Wired,2014,5,19,382.0
751,https://www.wired.com/2014/05/andrew-ng-baidu/,Wired,2014,5,16,1048.0
752,https://www.wired.com/2014/04/anki-new-cars-tracks/,Wired,2014,4,16,442.0
753,https://www.wired.com/2014/04/underwire-0401-funnycomputer/,Wired,2014,4,1,1244.0
754,https://www.wired.com/2014/03/tech-time-warp-homer-simpson/,Wired,2014,3,28,368.0
755,https://www.wired.com/story/falling-in-love-with-an-operating-system/,Wired,2014,3,12,913.0
756,https://www.wired.com/2014/02/her-artificial-intelligence-love/,Wired,2014,2,28,888.0
757,https://www.wired.com/2014/02/halting-problem/,Wired,2014,2,5,1602.0
758,https://www.wired.com/story/eterni-life-after-death-ai/,Wired,2014,2,5,1936.0
759,https://www.wired.com/2014/01/google-buying-way-making-brain-irrelevant/,Wired,2014,1,27,768.0
760,https://www.wired.com/2014/01/geoffrey-hinton-deep-learning/,Wired,2014,1,16,1807.0
761,https://www.wired.com/story/emospark/,Wired,2014,1,3,524.0
762,https://www.wired.com/2013/12/tech-time-warp-att-flight-info/,Wired,2013,12,27,553.0
763,https://www.wired.com/2013/12/tech-time-warp-week-sam/,Wired,2013,12,20,644.0
764,https://www.wired.com/2013/12/facebook-yann-lecun-qa/,Wired,2013,12,12,1667.0
765,https://www.wired.com/story/virtual-assistant-ai-love/,Wired,2013,12,9,2032.0
766,https://www.wired.com/2013/11/robot-restaurant/,Wired,2013,11,15,1725.0
767,https://www.wired.com/2013/10/captcha-busted/,Wired,2013,10,28,917.0
768,https://www.wired.com/2013/10/sentiment-analysis-deep-learning/,Wired,2013,10,23,1193.0
769,https://www.wired.com/2013/10/tech-time-warp-of-the-week-jim-henson-builds-snarky-robot-for-att/,Wired,2013,10,11,932.0
770,https://www.wired.com/2013/10/nasent-deep-learning/,Wired,2013,10,10,747.0
771,https://www.wired.com/story/digital-humanitarianism/,Wired,2013,9,30,3426.0
772,https://www.wired.com/2013/09/tech-time-warp-shakey-robot/,Wired,2013,9,27,841.0
773,https://www.wired.com/2013/07/ai-apps-trend/,Wired,2013,7,16,1330.0
774,https://www.wired.com/2013/07/software-is-still-king-hardware-is-just-coming-along-for-the-ride/,Wired,2013,7,8,2181.0
775,https://www.wired.com/2013/06/yoshua-bengio/,Wired,2013,6,27,1039.0
776,https://www.wired.com/2013/06/andrew-ng/,Wired,2013,6,17,890.0
777,https://www.wired.com/2013/05/neuro-artificial-intelligence/,Wired,2013,5,7,1749.0
778,https://www.wired.com/2013/04/robot-baseball/,Wired,2013,4,26,418.0
779,https://www.wired.com/2013/04/kurzweil-google-ai/,Wired,2013,4,25,1669.0
780,https://www.wired.com/2013/04/turing/,Wired,2013,4,16,244.0
781,https://www.wired.com/2013/04/baidu-research-lab/,Wired,2013,4,12,785.0
782,https://www.wired.com/2013/04/barcode-killer/,Wired,2013,4,4,271.0
783,https://www.wired.com/story/predicting-artificial-intelligence/,Wired,2013,3,30,1100.0
784,https://www.wired.com/2013/03/hakitzu-gaming-learning/,Wired,2013,3,26,782.0
785,https://www.wired.com/story/ibm-watson-medical-doctor/,Wired,2013,2,11,870.0
786,https://www.wired.com/2012/08/kinect-home-computer-vision/,Wired,2012,8,28,917.0
787,https://www.wired.com/2012/08/google-adds-siri-like-qa-to-app-merges-gmail-with-web-search/,Wired,2012,8,8,942.0
788,https://www.wired.com/2012/08/next-gen-siri-will-teach-kids-to-code-in-new-game/,Wired,2012,8,1,687.0
789,https://www.wired.com/2012/07/board-game-artificial-intelligence/,Wired,2012,7,10,383.0
790,https://www.wired.com/2012/06/robocup-videos/,Wired,2012,6,28,206.0
791,https://www.wired.com/2012/06/google-x-neural-network/,Wired,2012,6,26,614.0
792,https://www.wired.com/2012/06/flawed-turing-test/,Wired,2012,6,19,432.0
793,https://www.wired.com/2012/06/pass-turing-ai-test/,Wired,2012,6,19,863.0
794,https://www.wired.com/2012/06/computer-music-evolution/,Wired,2012,6,19,750.0
795,https://www.wired.com/story/turing-test/,Wired,2012,6,19,862.0
796,https://www.wired.com/story/the-dangers-of-an-ai-smarter-than-us/,Wired,2012,5,17,1118.0
797,https://www.wired.com/2012/05/robot-overlords/,Wired,2012,5,15,818.0
798,https://www.wired.com/2012/04/can-an-algorithm-write-a-better-news-story-than-a-human-reporter/,Wired,2012,4,24,2835.0
799,https://www.wired.com/2012/03/robot-hand-communication/,Wired,2012,3,16,364.0
800,https://www.wired.com/2011/10/foolproof-and-incapable-of-error-rip-john-mccarthy/,Wired,2011,10,26,206.0
801,https://www.wired.com/2011/07/artificial-intelligence-gaming/,Wired,2011,7,20,1110.0
802,https://www.wired.com/2011/07/human-android-brain-response/,Wired,2011,7,19,543.0
803,https://www.wired.com/2011/04/are-you-there-skynet-its-me-kristen/,Wired,2011,4,20,349.0
804,https://www.wired.com/2011/04/robot-scientist-language/,Wired,2011,4,13,654.0
805,https://www.wired.com/story/david-eagleman-the-human-brain-runs-on-conflict/,Wired,2011,4,7,766.0
806,https://www.wired.com/story/ai-drivers-not-wanted/,Wired,2011,1,28,1718.0
807,https://www.wired.com/story/david-rowan-predictions-2011/,Wired,2011,1,11,907.0
808,https://www.wired.com/story/artificial-intelligence/,Wired,2011,1,10,2092.0
809,https://www.wired.com/2010/11/digital-organism-evolution/,Wired,2010,11,29,609.0
810,https://www.wired.com/2010/07/robot-scientist/,Wired,2010,7,22,856.0
811,https://www.wired.com/2010/06/5-mash-ups-of-music-and-artificial-intelligence/,Wired,2010,6,5,952.0
812,https://www.wired.com/2010/03/virtual-musicians-real-performances/,Wired,2010,3,2,1296.0
813,https://www.wired.com/2009/04/newtonai/,Wired,2009,4,2,938.0
814,https://www.wired.com/2009/04/robotscientist/,Wired,2009,4,2,781.0
815,https://www.wired.com/2009/04/minduploadwiki/,Wired,2009,4,1,217.0
816,https://www.wired.com/2009/03/gobrain/,Wired,2009,3,10,1434.0
817,https://www.wired.com/2008/08/military-ai-cou/,Wired,2008,8,14,179.0
818,https://www.wired.com/2008/06/everything-you-7/,Wired,2008,6,2,154.0
819,https://www.wired.com/2008/05/will-the-singul/,Wired,2008,5,30,794.0
820,https://www.wired.com/2008/03/ff-kurzweil/,Wired,2008,3,24,3836.0
821,https://www.wired.com/2007/08/fine-were-simul/,Wired,2007,8,15,145.0
822,https://www.wired.com/2007/07/the-game-of-che/,Wired,2007,7,20,219.0
823,https://www.wired.com/2007/05/poker-bots-lear/,Wired,2007,5,30,259.0
